rank,seed42_I11_gene,seed42_I11_uniprot,seed42_I11_full,seed42_I119_gene,seed42_I119_uniprot,seed42_I119_full,seed42_I129_gene,seed42_I129_uniprot,seed42_I129_full,seed42_I80_gene,seed42_I80_uniprot,seed42_I80_full,seed1_I11_gene,seed1_I11_uniprot,seed1_I11_full,seed1_I119_gene,seed1_I119_uniprot,seed1_I119_full,seed1_I129_gene,seed1_I129_uniprot,seed1_I129_full,seed1_I80_gene,seed1_I80_uniprot,seed1_I80_full,seed2_I11_gene,seed2_I11_uniprot,seed2_I11_full,seed2_I119_gene,seed2_I119_uniprot,seed2_I119_full,seed2_I129_gene,seed2_I129_uniprot,seed2_I129_full,seed2_I80_gene,seed2_I80_uniprot,seed2_I80_full
1,CEND1,Q8N111,CEND1:Q8N111:OID30821:v1:NeurologyII,CEND1,Q8N111,CEND1:Q8N111:OID30821:v1:NeurologyII,CEND1,Q8N111,CEND1:Q8N111:OID30821:v1:NeurologyII,CEND1,Q8N111,CEND1:Q8N111:OID30821:v1:NeurologyII,CGB3_CGB5_CGB8,P0DN86,CGB3_CGB5_CGB8:P0DN86:OID30671:v1:InflammationII,CGB3_CGB5_CGB8,P0DN86,CGB3_CGB5_CGB8:P0DN86:OID30671:v1:InflammationII,CGB3_CGB5_CGB8,P0DN86,CGB3_CGB5_CGB8:P0DN86:OID30671:v1:InflammationII,CGB3_CGB5_CGB8,P0DN86,CGB3_CGB5_CGB8:P0DN86:OID30671:v1:InflammationII,CXCL8,P10145,CXCL8:P10145:OID20631:v1:Inflammation,CXCL8,P10145,CXCL8:P10145:OID20631:v1:Inflammation,CXCL8,P10145,CXCL8:P10145:OID20631:v1:Inflammation,CXCL8,P10145,CXCL8:P10145:OID20631:v1:Inflammation
2,XPNPEP2,O43895,XPNPEP2:O43895:OID21508:v1:Oncology,XPNPEP2,O43895,XPNPEP2:O43895:OID21508:v1:Oncology,XPNPEP2,O43895,XPNPEP2:O43895:OID21508:v1:Oncology,XPNPEP2,O43895,XPNPEP2:O43895:OID21508:v1:Oncology,AP3S2,P59780,AP3S2:P59780:OID31117:v1:NeurologyII,AP3S2,P59780,AP3S2:P59780:OID31117:v1:NeurologyII,AP3S2,P59780,AP3S2:P59780:OID31117:v1:NeurologyII,AP3S2,P59780,AP3S2:P59780:OID31117:v1:NeurologyII,ARTN,Q5T4W7,ARTN:Q5T4W7:OID20446:v1:Inflammation,ARTN,Q5T4W7,ARTN:Q5T4W7:OID20446:v1:Inflammation,ARTN,Q5T4W7,ARTN:Q5T4W7:OID20446:v1:Inflammation,ARTN,Q5T4W7,ARTN:Q5T4W7:OID20446:v1:Inflammation
3,AZI2,Q9H6S1,AZI2:Q9H6S1:OID31056:v1:NeurologyII,AZI2,Q9H6S1,AZI2:Q9H6S1:OID31056:v1:NeurologyII,AZI2,Q9H6S1,AZI2:Q9H6S1:OID31056:v1:NeurologyII,AZI2,Q9H6S1,AZI2:Q9H6S1:OID31056:v1:NeurologyII,LSM8,O95777,LSM8:O95777:OID31269:v1:OncologyII,LSM8,O95777,LSM8:O95777:OID31269:v1:OncologyII,LSM8,O95777,LSM8:O95777:OID31269:v1:OncologyII,LSM8,O95777,LSM8:O95777:OID31269:v1:OncologyII,LBP,P18428,LBP:P18428:OID20355:v1:Cardiometabolic,LBP,P18428,LBP:P18428:OID20355:v1:Cardiometabolic,LBP,P18428,LBP:P18428:OID20355:v1:Cardiometabolic,LBP,P18428,LBP:P18428:OID20355:v1:Cardiometabolic
4,REPS1,Q96D71,REPS1:Q96D71:OID30496:v1:InflammationII,REPS1,Q96D71,REPS1:Q96D71:OID30496:v1:InflammationII,REPS1,Q96D71,REPS1:Q96D71:OID30496:v1:InflammationII,REPS1,Q96D71,REPS1:Q96D71:OID30496:v1:InflammationII,CSF1R,P07333,CSF1R:P07333:OID30681:v1:InflammationII,CSF1R,P07333,CSF1R:P07333:OID30681:v1:InflammationII,CSF1R,P07333,CSF1R:P07333:OID30681:v1:InflammationII,CSF1R,P07333,CSF1R:P07333:OID30681:v1:InflammationII,HSPA2,P54652,HSPA2:P54652:OID31424:v1:OncologyII,HSPA2,P54652,HSPA2:P54652:OID31424:v1:OncologyII,HSPA2,P54652,HSPA2:P54652:OID31424:v1:OncologyII,HSPA2,P54652,HSPA2:P54652:OID31424:v1:OncologyII
5,HCG22,E2RYF7,HCG22:E2RYF7:OID30088:v1:CardiometabolicII,HCG22,E2RYF7,HCG22:E2RYF7:OID30088:v1:CardiometabolicII,HCG22,E2RYF7,HCG22:E2RYF7:OID30088:v1:CardiometabolicII,HCG22,E2RYF7,HCG22:E2RYF7:OID30088:v1:CardiometabolicII,KIR3DL2,P43630,KIR3DL2:P43630:OID31191:v1:OncologyII,KIR3DL2,P43630,KIR3DL2:P43630:OID31191:v1:OncologyII,KIR3DL2,P43630,KIR3DL2:P43630:OID31191:v1:OncologyII,KIR3DL2,P43630,KIR3DL2:P43630:OID31191:v1:OncologyII,TPPP2,P59282,TPPP2:P59282:OID31274:v1:OncologyII,TPPP2,P59282,TPPP2:P59282:OID31274:v1:OncologyII,TPPP2,P59282,TPPP2:P59282:OID31274:v1:OncologyII,TPPP2,P59282,TPPP2:P59282:OID31274:v1:OncologyII
6,MUC13,Q9H3R2,MUC13:Q9H3R2:OID20866:v1:Neurology,MUC13,Q9H3R2,MUC13:Q9H3R2:OID20866:v1:Neurology,MUC13,Q9H3R2,MUC13:Q9H3R2:OID20866:v1:Neurology,MUC13,Q9H3R2,MUC13:Q9H3R2:OID20866:v1:Neurology,ERN1,O75460,ERN1:O75460:OID31391:v1:OncologyII,ERN1,O75460,ERN1:O75460:OID31391:v1:OncologyII,ERN1,O75460,ERN1:O75460:OID31391:v1:OncologyII,ERN1,O75460,ERN1:O75460:OID31391:v1:OncologyII,MPHOSPH8,Q99549,MPHOSPH8:Q99549:OID20092:v1:Cardiometabolic,MPHOSPH8,Q99549,MPHOSPH8:Q99549:OID20092:v1:Cardiometabolic,MPHOSPH8,Q99549,MPHOSPH8:Q99549:OID20092:v1:Cardiometabolic,MPHOSPH8,Q99549,MPHOSPH8:Q99549:OID20092:v1:Cardiometabolic
7,APOF,Q13790,APOF:Q13790:OID30701:v1:InflammationII,APOF,Q13790,APOF:Q13790:OID30701:v1:InflammationII,APOF,Q13790,APOF:Q13790:OID30701:v1:InflammationII,APOF,Q13790,APOF:Q13790:OID30701:v1:InflammationII,RHOC,P08134,RHOC:P08134:OID20950:v1:Neurology,RHOC,P08134,RHOC:P08134:OID20950:v1:Neurology,RHOC,P08134,RHOC:P08134:OID20950:v1:Neurology,RHOC,P08134,RHOC:P08134:OID20950:v1:Neurology,FKBPL,Q9UIM3,FKBPL:Q9UIM3:OID31499:v1:OncologyII,FKBPL,Q9UIM3,FKBPL:Q9UIM3:OID31499:v1:OncologyII,FKBPL,Q9UIM3,FKBPL:Q9UIM3:OID31499:v1:OncologyII,FKBPL,Q9UIM3,FKBPL:Q9UIM3:OID31499:v1:OncologyII
8,LAT,O43561,LAT:O43561:OID20640:v1:Inflammation,LAT,O43561,LAT:O43561:OID20640:v1:Inflammation,LAT,O43561,LAT:O43561:OID20640:v1:Inflammation,LAT,O43561,LAT:O43561:OID20640:v1:Inflammation,CTSD,P07339,CTSD:P07339:OID20358:v1:Cardiometabolic,CTSD,P07339,CTSD:P07339:OID20358:v1:Cardiometabolic,CTSD,P07339,CTSD:P07339:OID20358:v1:Cardiometabolic,CTSD,P07339,CTSD:P07339:OID20358:v1:Cardiometabolic,PDXDC1,Q6P996,PDXDC1:Q6P996:OID31226:v1:OncologyII,PDXDC1,Q6P996,PDXDC1:Q6P996:OID31226:v1:OncologyII,PDXDC1,Q6P996,PDXDC1:Q6P996:OID31226:v1:OncologyII,PDXDC1,Q6P996,PDXDC1:Q6P996:OID31226:v1:OncologyII
9,C1QTNF9,P0C862,C1QTNF9:P0C862:OID30620:v1:InflammationII,C1QTNF9,P0C862,C1QTNF9:P0C862:OID30620:v1:InflammationII,C1QTNF9,P0C862,C1QTNF9:P0C862:OID30620:v1:InflammationII,C1QTNF9,P0C862,C1QTNF9:P0C862:OID30620:v1:InflammationII,SPP1,P10451,SPP1:P10451:OID20322:v1:Cardiometabolic,SPP1,P10451,SPP1:P10451:OID20322:v1:Cardiometabolic,SPP1,P10451,SPP1:P10451:OID20322:v1:Cardiometabolic,SPP1,P10451,SPP1:P10451:OID20322:v1:Cardiometabolic,PDRG1,Q9NUG6,PDRG1:Q9NUG6:OID30912:v1:NeurologyII,PDRG1,Q9NUG6,PDRG1:Q9NUG6:OID30912:v1:NeurologyII,PDRG1,Q9NUG6,PDRG1:Q9NUG6:OID30912:v1:NeurologyII,PDRG1,Q9NUG6,PDRG1:Q9NUG6:OID30912:v1:NeurologyII
10,FGFBP3,Q8TAT2,FGFBP3:Q8TAT2:OID31108:v1:NeurologyII,FGFBP3,Q8TAT2,FGFBP3:Q8TAT2:OID31108:v1:NeurologyII,FGFBP3,Q8TAT2,FGFBP3:Q8TAT2:OID31108:v1:NeurologyII,FGFBP3,Q8TAT2,FGFBP3:Q8TAT2:OID31108:v1:NeurologyII,SH3GL3,Q99963,SH3GL3:Q99963:OID31334:v1:OncologyII,SH3GL3,Q99963,SH3GL3:Q99963:OID31334:v1:OncologyII,SH3GL3,Q99963,SH3GL3:Q99963:OID31334:v1:OncologyII,SH3GL3,Q99963,SH3GL3:Q99963:OID31334:v1:OncologyII,PGLYRP4,Q96LB8,PGLYRP4:Q96LB8:OID30101:v1:CardiometabolicII,PGLYRP4,Q96LB8,PGLYRP4:Q96LB8:OID30101:v1:CardiometabolicII,PGLYRP4,Q96LB8,PGLYRP4:Q96LB8:OID30101:v1:CardiometabolicII,PGLYRP4,Q96LB8,PGLYRP4:Q96LB8:OID30101:v1:CardiometabolicII
11,NECTIN1,Q15223,NECTIN1:Q15223:OID30545:v1:InflammationII,NECTIN1,Q15223,NECTIN1:Q15223:OID30545:v1:InflammationII,NECTIN1,Q15223,NECTIN1:Q15223:OID30545:v1:InflammationII,NECTIN1,Q15223,NECTIN1:Q15223:OID30545:v1:InflammationII,PPP2R5A,Q15172,PPP2R5A:Q15172:OID31502:v1:OncologyII,PPP2R5A,Q15172,PPP2R5A:Q15172:OID31502:v1:OncologyII,PPP2R5A,Q15172,PPP2R5A:Q15172:OID31502:v1:OncologyII,PPP2R5A,Q15172,PPP2R5A:Q15172:OID31502:v1:OncologyII,LAT2,Q9GZY6,LAT2:Q9GZY6:OID21292:v1:Oncology,LAT2,Q9GZY6,LAT2:Q9GZY6:OID21292:v1:Oncology,LAT2,Q9GZY6,LAT2:Q9GZY6:OID21292:v1:Oncology,LAT2,Q9GZY6,LAT2:Q9GZY6:OID21292:v1:Oncology
12,DNMBP,Q6XZF7,DNMBP:Q6XZF7:OID20956:v1:Neurology,DNMBP,Q6XZF7,DNMBP:Q6XZF7:OID20956:v1:Neurology,DNMBP,Q6XZF7,DNMBP:Q6XZF7:OID20956:v1:Neurology,DNMBP,Q6XZF7,DNMBP:Q6XZF7:OID20956:v1:Neurology,CREG1,O75629,CREG1:O75629:OID21515:v1:Oncology,CREG1,O75629,CREG1:O75629:OID21515:v1:Oncology,CREG1,O75629,CREG1:O75629:OID21515:v1:Oncology,CREG1,O75629,CREG1:O75629:OID21515:v1:Oncology,NPR1,P16066,NPR1:P16066:OID30116:v1:CardiometabolicII,NPR1,P16066,NPR1:P16066:OID30116:v1:CardiometabolicII,NPR1,P16066,NPR1:P16066:OID30116:v1:CardiometabolicII,NPR1,P16066,NPR1:P16066:OID30116:v1:CardiometabolicII
13,PCDHB15,Q9Y5E8,PCDHB15:Q9Y5E8:OID31377:v1:OncologyII,PCDHB15,Q9Y5E8,PCDHB15:Q9Y5E8:OID31377:v1:OncologyII,PCDHB15,Q9Y5E8,PCDHB15:Q9Y5E8:OID31377:v1:OncologyII,PCDHB15,Q9Y5E8,PCDHB15:Q9Y5E8:OID31377:v1:OncologyII,IL17A,Q16552,IL17A:Q16552:OID20469:v1:Inflammation,IL17A,Q16552,IL17A:Q16552:OID20469:v1:Inflammation,IL17A,Q16552,IL17A:Q16552:OID20469:v1:Inflammation,IL17A,Q16552,IL17A:Q16552:OID20469:v1:Inflammation,KIAA0319,Q5VV43,KIAA0319:Q5VV43:OID31094:v1:NeurologyII,KIAA0319,Q5VV43,KIAA0319:Q5VV43:OID31094:v1:NeurologyII,KIAA0319,Q5VV43,KIAA0319:Q5VV43:OID31094:v1:NeurologyII,KIAA0319,Q5VV43,KIAA0319:Q5VV43:OID31094:v1:NeurologyII
14,MIF,P14174,MIF:P14174:OID21073:v1:Neurology,MIF,P14174,MIF:P14174:OID21073:v1:Neurology,MIF,P14174,MIF:P14174:OID21073:v1:Neurology,MIF,P14174,MIF:P14174:OID21073:v1:Neurology,ST8SIA1,Q92185,ST8SIA1:Q92185:OID30442:v1:InflammationII,ST8SIA1,Q92185,ST8SIA1:Q92185:OID30442:v1:InflammationII,ST8SIA1,Q92185,ST8SIA1:Q92185:OID30442:v1:InflammationII,ST8SIA1,Q92185,ST8SIA1:Q92185:OID30442:v1:InflammationII,ADGRE2,Q9UHX3,ADGRE2:Q9UHX3:OID20755:v1:Inflammation,ADGRE2,Q9UHX3,ADGRE2:Q9UHX3:OID20755:v1:Inflammation,ADGRE2,Q9UHX3,ADGRE2:Q9UHX3:OID20755:v1:Inflammation,ADGRE2,Q9UHX3,ADGRE2:Q9UHX3:OID20755:v1:Inflammation
15,CSF2,P04141,CSF2:P04141:OID30072:v1:CardiometabolicII,CSF2,P04141,CSF2:P04141:OID30072:v1:CardiometabolicII,CSF2,P04141,CSF2:P04141:OID30072:v1:CardiometabolicII,CSF2,P04141,CSF2:P04141:OID30072:v1:CardiometabolicII,CA14,Q9ULX7,CA14:Q9ULX7:OID21401:v1:Oncology,CA14,Q9ULX7,CA14:Q9ULX7:OID21401:v1:Oncology,CA14,Q9ULX7,CA14:Q9ULX7:OID21401:v1:Oncology,CA14,Q9ULX7,CA14:Q9ULX7:OID21401:v1:Oncology,NUCB2,P80303,NUCB2:P80303:OID21448:v1:Oncology,NUCB2,P80303,NUCB2:P80303:OID21448:v1:Oncology,NUCB2,P80303,NUCB2:P80303:OID21448:v1:Oncology,NUCB2,P80303,NUCB2:P80303:OID21448:v1:Oncology
16,TXNDC15,Q96J42,TXNDC15:Q96J42:OID21495:v1:Oncology,TXNDC15,Q96J42,TXNDC15:Q96J42:OID21495:v1:Oncology,TXNDC15,Q96J42,TXNDC15:Q96J42:OID21495:v1:Oncology,TXNDC15,Q96J42,TXNDC15:Q96J42:OID21495:v1:Oncology,MRPS16,Q9Y3D3,MRPS16:Q9Y3D3:OID30489:v1:InflammationII,MRPS16,Q9Y3D3,MRPS16:Q9Y3D3:OID30489:v1:InflammationII,MRPS16,Q9Y3D3,MRPS16:Q9Y3D3:OID30489:v1:InflammationII,MRPS16,Q9Y3D3,MRPS16:Q9Y3D3:OID30489:v1:InflammationII,SEL1L,Q9UBV2,SEL1L:Q9UBV2:OID30196:v1:CardiometabolicII,SEL1L,Q9UBV2,SEL1L:Q9UBV2:OID30196:v1:CardiometabolicII,SEL1L,Q9UBV2,SEL1L:Q9UBV2:OID30196:v1:CardiometabolicII,SEL1L,Q9UBV2,SEL1L:Q9UBV2:OID30196:v1:CardiometabolicII
17,DOC2B,Q14184,DOC2B:Q14184:OID30927:v1:NeurologyII,DOC2B,Q14184,DOC2B:Q14184:OID30927:v1:NeurologyII,DOC2B,Q14184,DOC2B:Q14184:OID30927:v1:NeurologyII,DOC2B,Q14184,DOC2B:Q14184:OID30927:v1:NeurologyII,STX6,O43752,STX6:O43752:OID21219:v1:Oncology,STX6,O43752,STX6:O43752:OID21219:v1:Oncology,STX6,O43752,STX6:O43752:OID21219:v1:Oncology,STX6,O43752,STX6:O43752:OID21219:v1:Oncology,IL15RA,Q13261,IL15RA:Q13261:OID20498:v1:Inflammation,IL15RA,Q13261,IL15RA:Q13261:OID20498:v1:Inflammation,IL15RA,Q13261,IL15RA:Q13261:OID20498:v1:Inflammation,IL15RA,Q13261,IL15RA:Q13261:OID20498:v1:Inflammation
18,DSCAM,O60469,DSCAM:O60469:OID30993:v1:NeurologyII,DSCAM,O60469,DSCAM:O60469:OID30993:v1:NeurologyII,DSCAM,O60469,DSCAM:O60469:OID30993:v1:NeurologyII,DSCAM,O60469,DSCAM:O60469:OID30993:v1:NeurologyII,CLTA,P09496,CLTA:P09496:OID20118:v1:Cardiometabolic,CLTA,P09496,CLTA:P09496:OID20118:v1:Cardiometabolic,CLTA,P09496,CLTA:P09496:OID20118:v1:Cardiometabolic,CLTA,P09496,CLTA:P09496:OID20118:v1:Cardiometabolic,NFKB2,Q00653,NFKB2:Q00653:OID31258:v1:OncologyII,NFKB2,Q00653,NFKB2:Q00653:OID31258:v1:OncologyII,NFKB2,Q00653,NFKB2:Q00653:OID31258:v1:OncologyII,NFKB2,Q00653,NFKB2:Q00653:OID31258:v1:OncologyII
19,SIGLEC9,Q9Y336,SIGLEC9:Q9Y336:OID21390:v1:Oncology,SIGLEC9,Q9Y336,SIGLEC9:Q9Y336:OID21390:v1:Oncology,SIGLEC9,Q9Y336,SIGLEC9:Q9Y336:OID21390:v1:Oncology,SIGLEC9,Q9Y336,SIGLEC9:Q9Y336:OID21390:v1:Oncology,LRRC38,Q5VT99,LRRC38:Q5VT99:OID30924:v1:NeurologyII,LRRC38,Q5VT99,LRRC38:Q5VT99:OID30924:v1:NeurologyII,LRRC38,Q5VT99,LRRC38:Q5VT99:OID30924:v1:NeurologyII,LRRC38,Q5VT99,LRRC38:Q5VT99:OID30924:v1:NeurologyII,STOML2,Q9UJZ1,STOML2:Q9UJZ1:OID31183:v1:OncologyII,STOML2,Q9UJZ1,STOML2:Q9UJZ1:OID31183:v1:OncologyII,STOML2,Q9UJZ1,STOML2:Q9UJZ1:OID31183:v1:OncologyII,STOML2,Q9UJZ1,STOML2:Q9UJZ1:OID31183:v1:OncologyII
20,DSG2,Q14126,DSG2:Q14126:OID21113:v1:Neurology,DSG2,Q14126,DSG2:Q14126:OID21113:v1:Neurology,DSG2,Q14126,DSG2:Q14126:OID21113:v1:Neurology,DSG2,Q14126,DSG2:Q14126:OID21113:v1:Neurology,SFTPA2,Q8IWL1,SFTPA2:Q8IWL1:OID21218:v1:Oncology,SFTPA2,Q8IWL1,SFTPA2:Q8IWL1:OID21218:v1:Oncology,SFTPA2,Q8IWL1,SFTPA2:Q8IWL1:OID21218:v1:Oncology,SFTPA2,Q8IWL1,SFTPA2:Q8IWL1:OID21218:v1:Oncology,AZI2,Q9H6S1,AZI2:Q9H6S1:OID31056:v1:NeurologyII,AZI2,Q9H6S1,AZI2:Q9H6S1:OID31056:v1:NeurologyII,AZI2,Q9H6S1,AZI2:Q9H6S1:OID31056:v1:NeurologyII,AZI2,Q9H6S1,AZI2:Q9H6S1:OID31056:v1:NeurologyII
21,ICOSLG,O75144,ICOSLG:O75144:OID21351:v1:Oncology,ICOSLG,O75144,ICOSLG:O75144:OID21351:v1:Oncology,ICOSLG,O75144,ICOSLG:O75144:OID21351:v1:Oncology,ICOSLG,O75144,ICOSLG:O75144:OID21351:v1:Oncology,SCARB1,Q8WTV0,SCARB1:Q8WTV0:OID20805:v1:Neurology,SCARB1,Q8WTV0,SCARB1:Q8WTV0:OID20805:v1:Neurology,SCARB1,Q8WTV0,SCARB1:Q8WTV0:OID20805:v1:Neurology,SCARB1,Q8WTV0,SCARB1:Q8WTV0:OID20805:v1:Neurology,GLI2,P10070,GLI2:P10070:OID30429:v1:InflammationII,GLI2,P10070,GLI2:P10070:OID30429:v1:InflammationII,GLI2,P10070,GLI2:P10070:OID30429:v1:InflammationII,GLI2,P10070,GLI2:P10070:OID30429:v1:InflammationII
22,SCRG1,O75711,SCRG1:O75711:OID30333:v1:CardiometabolicII,SCRG1,O75711,SCRG1:O75711:OID30333:v1:CardiometabolicII,SCRG1,O75711,SCRG1:O75711:OID30333:v1:CardiometabolicII,SCRG1,O75711,SCRG1:O75711:OID30333:v1:CardiometabolicII,ITIH1,P19827,ITIH1:P19827:OID30722:v1:InflammationII,ITIH1,P19827,ITIH1:P19827:OID30722:v1:InflammationII,ITIH1,P19827,ITIH1:P19827:OID30722:v1:InflammationII,ITIH1,P19827,ITIH1:P19827:OID30722:v1:InflammationII,PODXL,O00592,PODXL:O00592:OID21358:v1:Oncology,PODXL,O00592,PODXL:O00592:OID21358:v1:Oncology,PODXL,O00592,PODXL:O00592:OID21358:v1:Oncology,PODXL,O00592,PODXL:O00592:OID21358:v1:Oncology
23,TPPP3,Q9BW30,TPPP3:Q9BW30:OID20842:v1:Neurology,TPPP3,Q9BW30,TPPP3:Q9BW30:OID20842:v1:Neurology,TPPP3,Q9BW30,TPPP3:Q9BW30:OID20842:v1:Neurology,TPPP3,Q9BW30,TPPP3:Q9BW30:OID20842:v1:Neurology,RAB39B,Q96DA2,RAB39B:Q96DA2:OID30069:v1:CardiometabolicII,RAB39B,Q96DA2,RAB39B:Q96DA2:OID30069:v1:CardiometabolicII,RAB39B,Q96DA2,RAB39B:Q96DA2:OID30069:v1:CardiometabolicII,RAB39B,Q96DA2,RAB39B:Q96DA2:OID30069:v1:CardiometabolicII,TNFRSF9,Q07011,TNFRSF9:Q07011:OID20985:v1:Neurology,TNFRSF9,Q07011,TNFRSF9:Q07011:OID20985:v1:Neurology,TNFRSF9,Q07011,TNFRSF9:Q07011:OID20985:v1:Neurology,TNFRSF9,Q07011,TNFRSF9:Q07011:OID20985:v1:Neurology
24,TIMP3,P35625,TIMP3:P35625:OID20684:v1:Inflammation,TIMP3,P35625,TIMP3:P35625:OID20684:v1:Inflammation,TIMP3,P35625,TIMP3:P35625:OID20684:v1:Inflammation,TIMP3,P35625,TIMP3:P35625:OID20684:v1:Inflammation,LILRA2,Q8N149,LILRA2:Q8N149:OID21152:v1:Neurology,LILRA2,Q8N149,LILRA2:Q8N149:OID21152:v1:Neurology,LILRA2,Q8N149,LILRA2:Q8N149:OID21152:v1:Neurology,LILRA2,Q8N149,LILRA2:Q8N149:OID21152:v1:Neurology,ACTN2,P35609,ACTN2:P35609:OID30192:v1:CardiometabolicII,ACTN2,P35609,ACTN2:P35609:OID30192:v1:CardiometabolicII,ACTN2,P35609,ACTN2:P35609:OID30192:v1:CardiometabolicII,ACTN2,P35609,ACTN2:P35609:OID30192:v1:CardiometabolicII
25,CNTN5,O94779,CNTN5:O94779:OID21006:v1:Neurology,CNTN5,O94779,CNTN5:O94779:OID21006:v1:Neurology,CNTN5,O94779,CNTN5:O94779:OID21006:v1:Neurology,CNTN5,O94779,CNTN5:O94779:OID21006:v1:Neurology,SLC4A1,P02730,SLC4A1:P02730:OID30369:v1:CardiometabolicII,SLC4A1,P02730,SLC4A1:P02730:OID30369:v1:CardiometabolicII,SLC4A1,P02730,SLC4A1:P02730:OID30369:v1:CardiometabolicII,SLC4A1,P02730,SLC4A1:P02730:OID30369:v1:CardiometabolicII,TXLNA,P40222,TXLNA:P40222:OID20952:v1:Neurology,TXLNA,P40222,TXLNA:P40222:OID20952:v1:Neurology,TXLNA,P40222,TXLNA:P40222:OID20952:v1:Neurology,TXLNA,P40222,TXLNA:P40222:OID20952:v1:Neurology
26,ATRN,O75882-2,ATRN:O75882-2:OID30735:v1:InflammationII,ATRN,O75882-2,ATRN:O75882-2:OID30735:v1:InflammationII,ATRN,O75882-2,ATRN:O75882-2:OID30735:v1:InflammationII,ATRN,O75882-2,ATRN:O75882-2:OID30735:v1:InflammationII,MFAP3L,O75121,MFAP3L:O75121:OID30933:v1:NeurologyII,MFAP3L,O75121,MFAP3L:O75121:OID30933:v1:NeurologyII,MFAP3L,O75121,MFAP3L:O75121:OID30933:v1:NeurologyII,MFAP3L,O75121,MFAP3L:O75121:OID30933:v1:NeurologyII,RABEPK,Q7Z6M1,RABEPK:Q7Z6M1:OID21163:v1:Oncology,RABEPK,Q7Z6M1,RABEPK:Q7Z6M1:OID21163:v1:Oncology,RABEPK,Q7Z6M1,RABEPK:Q7Z6M1:OID21163:v1:Oncology,RABEPK,Q7Z6M1,RABEPK:Q7Z6M1:OID21163:v1:Oncology
27,CCL11,P51671,CCL11:P51671:OID20668:v1:Inflammation,CCL11,P51671,CCL11:P51671:OID20668:v1:Inflammation,CCL11,P51671,CCL11:P51671:OID20668:v1:Inflammation,CCL11,P51671,CCL11:P51671:OID20668:v1:Inflammation,CBS,P35520,CBS:P35520:OID30200:v1:CardiometabolicII,CBS,P35520,CBS:P35520:OID30200:v1:CardiometabolicII,CBS,P35520,CBS:P35520:OID30200:v1:CardiometabolicII,CBS,P35520,CBS:P35520:OID30200:v1:CardiometabolicII,UBQLN3,Q9H347,UBQLN3:Q9H347:OID30096:v1:CardiometabolicII,UBQLN3,Q9H347,UBQLN3:Q9H347:OID30096:v1:CardiometabolicII,UBQLN3,Q9H347,UBQLN3:Q9H347:OID30096:v1:CardiometabolicII,UBQLN3,Q9H347,UBQLN3:Q9H347:OID30096:v1:CardiometabolicII
28,DENR,O43583,DENR:O43583:OID30493:v1:InflammationII,DENR,O43583,DENR:O43583:OID30493:v1:InflammationII,DENR,O43583,DENR:O43583:OID30493:v1:InflammationII,DENR,O43583,DENR:O43583:OID30493:v1:InflammationII,DUSP13,Q6B8I1,DUSP13:Q6B8I1:OID31394:v1:OncologyII,DUSP13,Q6B8I1,DUSP13:Q6B8I1:OID31394:v1:OncologyII,DUSP13,Q6B8I1,DUSP13:Q6B8I1:OID31394:v1:OncologyII,DUSP13,Q6B8I1,DUSP13:Q6B8I1:OID31394:v1:OncologyII,COLEC12,Q5KU26,COLEC12:Q5KU26:OID20738:v1:Inflammation,COLEC12,Q5KU26,COLEC12:Q5KU26:OID20738:v1:Inflammation,COLEC12,Q5KU26,COLEC12:Q5KU26:OID20738:v1:Inflammation,COLEC12,Q5KU26,COLEC12:Q5KU26:OID20738:v1:Inflammation
29,ADGRF5,Q8IZF2,ADGRF5:Q8IZF2:OID30349:v1:CardiometabolicII,ADGRF5,Q8IZF2,ADGRF5:Q8IZF2:OID30349:v1:CardiometabolicII,ADGRF5,Q8IZF2,ADGRF5:Q8IZF2:OID30349:v1:CardiometabolicII,ADGRF5,Q8IZF2,ADGRF5:Q8IZF2:OID30349:v1:CardiometabolicII,RTBDN,Q9BSG5,RTBDN:Q9BSG5:OID21343:v1:Oncology,RTBDN,Q9BSG5,RTBDN:Q9BSG5:OID21343:v1:Oncology,RTBDN,Q9BSG5,RTBDN:Q9BSG5:OID21343:v1:Oncology,RTBDN,Q9BSG5,RTBDN:Q9BSG5:OID21343:v1:Oncology,DDX58,O95786,DDX58:O95786:OID21226:v1:Oncology,DDX58,O95786,DDX58:O95786:OID21226:v1:Oncology,DDX58,O95786,DDX58:O95786:OID21226:v1:Oncology,DDX58,O95786,DDX58:O95786:OID21226:v1:Oncology
30,F12,P00748,F12:P00748:OID30739:v1:InflammationII,F12,P00748,F12:P00748:OID30739:v1:InflammationII,F12,P00748,F12:P00748:OID30739:v1:InflammationII,F12,P00748,F12:P00748:OID30739:v1:InflammationII,KLRF1,Q9NZS2,KLRF1:Q9NZS2:OID30464:v1:InflammationII,KLRF1,Q9NZS2,KLRF1:Q9NZS2:OID30464:v1:InflammationII,KLRF1,Q9NZS2,KLRF1:Q9NZS2:OID30464:v1:InflammationII,KLRF1,Q9NZS2,KLRF1:Q9NZS2:OID30464:v1:InflammationII,GC,P02774,GC:P02774:OID30780:v1:InflammationII,GC,P02774,GC:P02774:OID30780:v1:InflammationII,GC,P02774,GC:P02774:OID30780:v1:InflammationII,GC,P02774,GC:P02774:OID30780:v1:InflammationII
31,CLEC6A,Q6EIG7,CLEC6A:Q6EIG7:OID21228:v1:Oncology,CLEC6A,Q6EIG7,CLEC6A:Q6EIG7:OID21228:v1:Oncology,CLEC6A,Q6EIG7,CLEC6A:Q6EIG7:OID21228:v1:Oncology,CLEC6A,Q6EIG7,CLEC6A:Q6EIG7:OID21228:v1:Oncology,CXCL1,P09341,CXCL1:P09341:OID20762:v1:Inflammation,CXCL1,P09341,CXCL1:P09341:OID20762:v1:Inflammation,CXCL1,P09341,CXCL1:P09341:OID20762:v1:Inflammation,CXCL1,P09341,CXCL1:P09341:OID20762:v1:Inflammation,NFASC,O94856,NFASC:O94856:OID20634:v1:Inflammation,NFASC,O94856,NFASC:O94856:OID20634:v1:Inflammation,NFASC,O94856,NFASC:O94856:OID20634:v1:Inflammation,NFASC,O94856,NFASC:O94856:OID20634:v1:Inflammation
32,AMOTL2,Q9Y2J4,AMOTL2:Q9Y2J4:OID31351:v1:OncologyII,AMOTL2,Q9Y2J4,AMOTL2:Q9Y2J4:OID31351:v1:OncologyII,AMOTL2,Q9Y2J4,AMOTL2:Q9Y2J4:OID31351:v1:OncologyII,AMOTL2,Q9Y2J4,AMOTL2:Q9Y2J4:OID31351:v1:OncologyII,MCEE,Q96PE7,MCEE:Q96PE7:OID31033:v1:NeurologyII,MCEE,Q96PE7,MCEE:Q96PE7:OID31033:v1:NeurologyII,MCEE,Q96PE7,MCEE:Q96PE7:OID31033:v1:NeurologyII,MCEE,Q96PE7,MCEE:Q96PE7:OID31033:v1:NeurologyII,ALPP,P05187,ALPP:P05187:OID21383:v1:Oncology,ALPP,P05187,ALPP:P05187:OID21383:v1:Oncology,ALPP,P05187,ALPP:P05187:OID21383:v1:Oncology,ALPP,P05187,ALPP:P05187:OID21383:v1:Oncology
33,FBN2,P35556,FBN2:P35556:OID30974:v1:NeurologyII,FBN2,P35556,FBN2:P35556:OID30974:v1:NeurologyII,FBN2,P35556,FBN2:P35556:OID30974:v1:NeurologyII,FBN2,P35556,FBN2:P35556:OID30974:v1:NeurologyII,IL2RG,P31785,IL2RG:P31785:OID31361:v1:OncologyII,IL2RG,P31785,IL2RG:P31785:OID31361:v1:OncologyII,IL2RG,P31785,IL2RG:P31785:OID31361:v1:OncologyII,IL2RG,P31785,IL2RG:P31785:OID31361:v1:OncologyII,GOLM2,Q6P4E1,GOLM2:Q6P4E1:OID21044:v1:Neurology,GOLM2,Q6P4E1,GOLM2:Q6P4E1:OID21044:v1:Neurology,GOLM2,Q6P4E1,GOLM2:Q6P4E1:OID21044:v1:Neurology,GOLM2,Q6P4E1,GOLM2:Q6P4E1:OID21044:v1:Neurology
34,SUMF2,Q8NBJ7,SUMF2:Q8NBJ7:OID21032:v1:Neurology,SUMF2,Q8NBJ7,SUMF2:Q8NBJ7:OID21032:v1:Neurology,SUMF2,Q8NBJ7,SUMF2:Q8NBJ7:OID21032:v1:Neurology,SUMF2,Q8NBJ7,SUMF2:Q8NBJ7:OID21032:v1:Neurology,CNGB3,Q9NQW8,CNGB3:Q9NQW8:OID30805:v1:NeurologyII,CNGB3,Q9NQW8,CNGB3:Q9NQW8:OID30805:v1:NeurologyII,CNGB3,Q9NQW8,CNGB3:Q9NQW8:OID30805:v1:NeurologyII,CNGB3,Q9NQW8,CNGB3:Q9NQW8:OID30805:v1:NeurologyII,PRCP,P42785,PRCP:P42785:OID20337:v1:Cardiometabolic,PRCP,P42785,PRCP:P42785:OID20337:v1:Cardiometabolic,PRCP,P42785,PRCP:P42785:OID20337:v1:Cardiometabolic,PRCP,P42785,PRCP:P42785:OID20337:v1:Cardiometabolic
35,TREH,O43280,TREH:O43280:OID30388:v1:CardiometabolicII,TREH,O43280,TREH:O43280:OID30388:v1:CardiometabolicII,TREH,O43280,TREH:O43280:OID30388:v1:CardiometabolicII,TREH,O43280,TREH:O43280:OID30388:v1:CardiometabolicII,PPL,O60437,PPL:O60437:OID30564:v1:InflammationII,PPL,O60437,PPL:O60437:OID30564:v1:InflammationII,PPL,O60437,PPL:O60437:OID30564:v1:InflammationII,PPL,O60437,PPL:O60437:OID30564:v1:InflammationII,NFKBIE,O00221,NFKBIE:O00221:OID21212:v1:Oncology,NFKBIE,O00221,NFKBIE:O00221:OID21212:v1:Oncology,NFKBIE,O00221,NFKBIE:O00221:OID21212:v1:Oncology,NFKBIE,O00221,NFKBIE:O00221:OID21212:v1:Oncology
36,APOA2,P02652,APOA2:P02652:OID30686:v1:InflammationII,APOA2,P02652,APOA2:P02652:OID30686:v1:InflammationII,APOA2,P02652,APOA2:P02652:OID30686:v1:InflammationII,APOA2,P02652,APOA2:P02652:OID30686:v1:InflammationII,F12,P00748,F12:P00748:OID30739:v1:InflammationII,F12,P00748,F12:P00748:OID30739:v1:InflammationII,F12,P00748,F12:P00748:OID30739:v1:InflammationII,F12,P00748,F12:P00748:OID30739:v1:InflammationII,EPHB4,P54760,EPHB4:P54760:OID20242:v1:Cardiometabolic,EPHB4,P54760,EPHB4:P54760:OID20242:v1:Cardiometabolic,EPHB4,P54760,EPHB4:P54760:OID20242:v1:Cardiometabolic,EPHB4,P54760,EPHB4:P54760:OID20242:v1:Cardiometabolic
37,IFNL2,Q8IZJ0,IFNL2:Q8IZJ0:OID30791:v1:NeurologyII,IFNL2,Q8IZJ0,IFNL2:Q8IZJ0:OID30791:v1:NeurologyII,IFNL2,Q8IZJ0,IFNL2:Q8IZJ0:OID30791:v1:NeurologyII,IFNL2,Q8IZJ0,IFNL2:Q8IZJ0:OID30791:v1:NeurologyII,IGFBP7,Q16270,IGFBP7:Q16270:OID20236:v1:Cardiometabolic,IGFBP7,Q16270,IGFBP7:Q16270:OID20236:v1:Cardiometabolic,IGFBP7,Q16270,IGFBP7:Q16270:OID20236:v1:Cardiometabolic,IGFBP7,Q16270,IGFBP7:Q16270:OID20236:v1:Cardiometabolic,SFTPA1,Q8IWL2,SFTPA1:Q8IWL2:OID21165:v1:Oncology,SFTPA1,Q8IWL2,SFTPA1:Q8IWL2:OID21165:v1:Oncology,SFTPA1,Q8IWL2,SFTPA1:Q8IWL2:OID21165:v1:Oncology,SFTPA1,Q8IWL2,SFTPA1:Q8IWL2:OID21165:v1:Oncology
38,NEDD4L,Q96PU5,NEDD4L:Q96PU5:OID30521:v1:InflammationII,NEDD4L,Q96PU5,NEDD4L:Q96PU5:OID30521:v1:InflammationII,NEDD4L,Q96PU5,NEDD4L:Q96PU5:OID30521:v1:InflammationII,NEDD4L,Q96PU5,NEDD4L:Q96PU5:OID30521:v1:InflammationII,MCTS1,Q9ULC4,MCTS1:Q9ULC4:OID31444:v1:OncologyII,MCTS1,Q9ULC4,MCTS1:Q9ULC4:OID31444:v1:OncologyII,MCTS1,Q9ULC4,MCTS1:Q9ULC4:OID31444:v1:OncologyII,MCTS1,Q9ULC4,MCTS1:Q9ULC4:OID31444:v1:OncologyII,TPR,P12270,TPR:P12270:OID30143:v1:CardiometabolicII,TPR,P12270,TPR:P12270:OID30143:v1:CardiometabolicII,TPR,P12270,TPR:P12270:OID30143:v1:CardiometabolicII,TPR,P12270,TPR:P12270:OID30143:v1:CardiometabolicII
39,MAN1A2,O60476,MAN1A2:O60476:OID30262:v1:CardiometabolicII,MAN1A2,O60476,MAN1A2:O60476:OID30262:v1:CardiometabolicII,MAN1A2,O60476,MAN1A2:O60476:OID30262:v1:CardiometabolicII,MAN1A2,O60476,MAN1A2:O60476:OID30262:v1:CardiometabolicII,FARSA,Q9Y285,FARSA:Q9Y285:OID30887:v1:NeurologyII,FARSA,Q9Y285,FARSA:Q9Y285:OID30887:v1:NeurologyII,FARSA,Q9Y285,FARSA:Q9Y285:OID30887:v1:NeurologyII,FARSA,Q9Y285,FARSA:Q9Y285:OID30887:v1:NeurologyII,CTHRC1,Q96CG8,CTHRC1:Q96CG8:OID30393:v1:CardiometabolicII,CTHRC1,Q96CG8,CTHRC1:Q96CG8:OID30393:v1:CardiometabolicII,CTHRC1,Q96CG8,CTHRC1:Q96CG8:OID30393:v1:CardiometabolicII,CTHRC1,Q96CG8,CTHRC1:Q96CG8:OID30393:v1:CardiometabolicII
40,EFEMP1,Q12805,EFEMP1:Q12805:OID20414:v1:Cardiometabolic,EFEMP1,Q12805,EFEMP1:Q12805:OID20414:v1:Cardiometabolic,EFEMP1,Q12805,EFEMP1:Q12805:OID20414:v1:Cardiometabolic,EFEMP1,Q12805,EFEMP1:Q12805:OID20414:v1:Cardiometabolic,APBB1IP,Q7Z5R6,APBB1IP:Q7Z5R6:OID21359:v1:Oncology,APBB1IP,Q7Z5R6,APBB1IP:Q7Z5R6:OID21359:v1:Oncology,APBB1IP,Q7Z5R6,APBB1IP:Q7Z5R6:OID21359:v1:Oncology,APBB1IP,Q7Z5R6,APBB1IP:Q7Z5R6:OID21359:v1:Oncology,LCP1,P13796,LCP1:P13796:OID30367:v1:CardiometabolicII,LCP1,P13796,LCP1:P13796:OID30367:v1:CardiometabolicII,LCP1,P13796,LCP1:P13796:OID30367:v1:CardiometabolicII,LCP1,P13796,LCP1:P13796:OID30367:v1:CardiometabolicII
41,MIA,Q16674,MIA:Q16674:OID21531:v1:Oncology,MIA,Q16674,MIA:Q16674:OID21531:v1:Oncology,MIA,Q16674,MIA:Q16674:OID21531:v1:Oncology,MIA,Q16674,MIA:Q16674:OID21531:v1:Oncology,CA12,O43570,CA12:O43570:OID21344:v1:Oncology,CA12,O43570,CA12:O43570:OID21344:v1:Oncology,CA12,O43570,CA12:O43570:OID21344:v1:Oncology,CA12,O43570,CA12:O43570:OID21344:v1:Oncology,SMARCA2,P51531,SMARCA2:P51531:OID20796:v1:Neurology,SMARCA2,P51531,SMARCA2:P51531:OID20796:v1:Neurology,SMARCA2,P51531,SMARCA2:P51531:OID20796:v1:Neurology,SMARCA2,P51531,SMARCA2:P51531:OID20796:v1:Neurology
42,MMP12,P39900,MMP12:P39900:OID21439:v1:Oncology,MMP12,P39900,MMP12:P39900:OID21439:v1:Oncology,MMP12,P39900,MMP12:P39900:OID21439:v1:Oncology,MMP12,P39900,MMP12:P39900:OID21439:v1:Oncology,ROBO1,Q9Y6N7,ROBO1:Q9Y6N7:OID20734:v1:Inflammation,ROBO1,Q9Y6N7,ROBO1:Q9Y6N7:OID20734:v1:Inflammation,ROBO1,Q9Y6N7,ROBO1:Q9Y6N7:OID20734:v1:Inflammation,ROBO1,Q9Y6N7,ROBO1:Q9Y6N7:OID20734:v1:Inflammation,IMPACT,Q9P2X3,IMPACT:Q9P2X3:OID31112:v1:NeurologyII,IMPACT,Q9P2X3,IMPACT:Q9P2X3:OID31112:v1:NeurologyII,IMPACT,Q9P2X3,IMPACT:Q9P2X3:OID31112:v1:NeurologyII,IMPACT,Q9P2X3,IMPACT:Q9P2X3:OID31112:v1:NeurologyII
43,FOSB,P53539,FOSB:P53539:OID20791:v1:Neurology,FOSB,P53539,FOSB:P53539:OID20791:v1:Neurology,FOSB,P53539,FOSB:P53539:OID20791:v1:Neurology,FOSB,P53539,FOSB:P53539:OID20791:v1:Neurology,FAM3C,Q92520,FAM3C:Q92520:OID20233:v1:Cardiometabolic,FAM3C,Q92520,FAM3C:Q92520:OID20233:v1:Cardiometabolic,FAM3C,Q92520,FAM3C:Q92520:OID20233:v1:Cardiometabolic,FAM3C,Q92520,FAM3C:Q92520:OID20233:v1:Cardiometabolic,CPA4,Q9UI42,CPA4:Q9UI42:OID30606:v1:InflammationII,CPA4,Q9UI42,CPA4:Q9UI42:OID30606:v1:InflammationII,CPA4,Q9UI42,CPA4:Q9UI42:OID30606:v1:InflammationII,CPA4,Q9UI42,CPA4:Q9UI42:OID30606:v1:InflammationII
44,NPDC1,Q9NQX5,NPDC1:Q9NQX5:OID20205:v1:Cardiometabolic,NPDC1,Q9NQX5,NPDC1:Q9NQX5:OID20205:v1:Cardiometabolic,NPDC1,Q9NQX5,NPDC1:Q9NQX5:OID20205:v1:Cardiometabolic,NPDC1,Q9NQX5,NPDC1:Q9NQX5:OID20205:v1:Cardiometabolic,CCL23,P55773,CCL23:P55773:OID20693:v1:Inflammation,CCL23,P55773,CCL23:P55773:OID20693:v1:Inflammation,CCL23,P55773,CCL23:P55773:OID20693:v1:Inflammation,CCL23,P55773,CCL23:P55773:OID20693:v1:Inflammation,CA8,P35219,CA8:P35219:OID30482:v1:InflammationII,CA8,P35219,CA8:P35219:OID30482:v1:InflammationII,CA8,P35219,CA8:P35219:OID30482:v1:InflammationII,CA8,P35219,CA8:P35219:OID30482:v1:InflammationII
45,CRELD1,Q96HD1,CRELD1:Q96HD1:OID30619:v1:InflammationII,CRELD1,Q96HD1,CRELD1:Q96HD1:OID30619:v1:InflammationII,CRELD1,Q96HD1,CRELD1:Q96HD1:OID30619:v1:InflammationII,CRELD1,Q96HD1,CRELD1:Q96HD1:OID30619:v1:InflammationII,GAL,P22466,GAL:P22466:OID20727:v1:Inflammation,GAL,P22466,GAL:P22466:OID20727:v1:Inflammation,GAL,P22466,GAL:P22466:OID20727:v1:Inflammation,GAL,P22466,GAL:P22466:OID20727:v1:Inflammation,EZR,P15311,EZR:P15311:OID21017:v1:Neurology,EZR,P15311,EZR:P15311:OID21017:v1:Neurology,EZR,P15311,EZR:P15311:OID21017:v1:Neurology,EZR,P15311,EZR:P15311:OID21017:v1:Neurology
46,ECI2,O75521,ECI2:O75521:OID30142:v1:CardiometabolicII,ECI2,O75521,ECI2:O75521:OID30142:v1:CardiometabolicII,ECI2,O75521,ECI2:O75521:OID30142:v1:CardiometabolicII,ECI2,O75521,ECI2:O75521:OID30142:v1:CardiometabolicII,TGFBR3,Q03167,TGFBR3:Q03167:OID20255:v1:Cardiometabolic,TGFBR3,Q03167,TGFBR3:Q03167:OID20255:v1:Cardiometabolic,TGFBR3,Q03167,TGFBR3:Q03167:OID20255:v1:Cardiometabolic,TGFBR3,Q03167,TGFBR3:Q03167:OID20255:v1:Cardiometabolic,GPKOW,Q92917,GPKOW:Q92917:OID20890:v1:Neurology,GPKOW,Q92917,GPKOW:Q92917:OID20890:v1:Neurology,GPKOW,Q92917,GPKOW:Q92917:OID20890:v1:Neurology,GPKOW,Q92917,GPKOW:Q92917:OID20890:v1:Neurology
47,KIAA0319,Q5VV43,KIAA0319:Q5VV43:OID31094:v1:NeurologyII,KIAA0319,Q5VV43,KIAA0319:Q5VV43:OID31094:v1:NeurologyII,KIAA0319,Q5VV43,KIAA0319:Q5VV43:OID31094:v1:NeurologyII,KIAA0319,Q5VV43,KIAA0319:Q5VV43:OID31094:v1:NeurologyII,PDRG1,Q9NUG6,PDRG1:Q9NUG6:OID30912:v1:NeurologyII,PDRG1,Q9NUG6,PDRG1:Q9NUG6:OID30912:v1:NeurologyII,PDRG1,Q9NUG6,PDRG1:Q9NUG6:OID30912:v1:NeurologyII,PDRG1,Q9NUG6,PDRG1:Q9NUG6:OID30912:v1:NeurologyII,SERPINF1,P36955,SERPINF1:P36955:OID30757:v1:InflammationII,SERPINF1,P36955,SERPINF1:P36955:OID30757:v1:InflammationII,SERPINF1,P36955,SERPINF1:P36955:OID30757:v1:InflammationII,SERPINF1,P36955,SERPINF1:P36955:OID30757:v1:InflammationII
48,PTPRF,P10586,PTPRF:P10586:OID20310:v1:Cardiometabolic,PTPRF,P10586,PTPRF:P10586:OID20310:v1:Cardiometabolic,PTPRF,P10586,PTPRF:P10586:OID20310:v1:Cardiometabolic,PTPRF,P10586,PTPRF:P10586:OID20310:v1:Cardiometabolic,IL4R,P24394,IL4R:P24394:OID20576:v1:Inflammation,IL4R,P24394,IL4R:P24394:OID20576:v1:Inflammation,IL4R,P24394,IL4R:P24394:OID20576:v1:Inflammation,IL4R,P24394,IL4R:P24394:OID20576:v1:Inflammation,VSIR,Q9H7M9,VSIR:Q9H7M9:OID20131:v1:Cardiometabolic,VSIR,Q9H7M9,VSIR:Q9H7M9:OID20131:v1:Cardiometabolic,VSIR,Q9H7M9,VSIR:Q9H7M9:OID20131:v1:Cardiometabolic,VSIR,Q9H7M9,VSIR:Q9H7M9:OID20131:v1:Cardiometabolic
49,TDRKH,Q9Y2W6,TDRKH:Q9Y2W6:OID20875:v1:Neurology,TDRKH,Q9Y2W6,TDRKH:Q9Y2W6:OID20875:v1:Neurology,TDRKH,Q9Y2W6,TDRKH:Q9Y2W6:OID20875:v1:Neurology,TDRKH,Q9Y2W6,TDRKH:Q9Y2W6:OID20875:v1:Neurology,IDO1,P14902,IDO1:P14902:OID30563:v1:InflammationII,IDO1,P14902,IDO1:P14902:OID30563:v1:InflammationII,IDO1,P14902,IDO1:P14902:OID30563:v1:InflammationII,IDO1,P14902,IDO1:P14902:OID30563:v1:InflammationII,TREML2,Q5T2D2,TREML2:Q5T2D2:OID21120:v1:Neurology,TREML2,Q5T2D2,TREML2:Q5T2D2:OID21120:v1:Neurology,TREML2,Q5T2D2,TREML2:Q5T2D2:OID21120:v1:Neurology,TREML2,Q5T2D2,TREML2:Q5T2D2:OID21120:v1:Neurology
50,MYH7B,A7E2Y1,MYH7B:A7E2Y1:OID31178:v1:OncologyII,MYH7B,A7E2Y1,MYH7B:A7E2Y1:OID31178:v1:OncologyII,MYH7B,A7E2Y1,MYH7B:A7E2Y1:OID31178:v1:OncologyII,MYH7B,A7E2Y1,MYH7B:A7E2Y1:OID31178:v1:OncologyII,CD2,P06729,CD2:P06729:OID30097:v1:CardiometabolicII,CD2,P06729,CD2:P06729:OID30097:v1:CardiometabolicII,CD2,P06729,CD2:P06729:OID30097:v1:CardiometabolicII,CD2,P06729,CD2:P06729:OID30097:v1:CardiometabolicII,HEPH,Q9BQS7,HEPH:Q9BQS7:OID30337:v1:CardiometabolicII,HEPH,Q9BQS7,HEPH:Q9BQS7:OID30337:v1:CardiometabolicII,HEPH,Q9BQS7,HEPH:Q9BQS7:OID30337:v1:CardiometabolicII,HEPH,Q9BQS7,HEPH:Q9BQS7:OID30337:v1:CardiometabolicII
