feat_idx,gene,uniprot,panel,n_seeds,freq,full_name
192,EPHB4,P54760,Cardiometabolic,3,0.3,EPHB4:P54760:OID20242:v1:Cardiometabolic
73,ANXA4,P09525,Cardiometabolic,2,0.2,ANXA4:P09525:OID20123:v1:Cardiometabolic
1827,GPKOW,Q92917,Neurology,2,0.2,GPKOW:Q92917:OID20890:v1:Neurology
2905,IFNAR1,P17181,OncologyII,2,0.2,IFNAR1:P17181:OID31491:v1:OncologyII
2858,MCTS1,Q9ULC4,OncologyII,2,0.2,MCTS1:Q9ULC4:OID31444:v1:OncologyII
2829,DYNLT3,P51808,OncologyII,2,0.2,DYNLT3:P51808:OID31415:v1:OncologyII
1935,FARSA,Q9Y285,NeurologyII,2,0.2,FARSA:Q9Y285:OID30887:v1:NeurologyII
72,AK1,P00568,Cardiometabolic,2,0.2,AK1:P00568:OID20122:v1:Cardiometabolic
1960,PDRG1,Q9NUG6,NeurologyII,2,0.2,PDRG1:Q9NUG6:OID30912:v1:NeurologyII
418,MEGF11,A6BM72,CardiometabolicII,2,0.2,MEGF11:A6BM72:OID30099:v1:CardiometabolicII
2776,IL2RG,P31785,OncologyII,2,0.2,IL2RG:P31785:OID31361:v1:OncologyII
2602,GJA8,P48165,OncologyII,2,0.2,GJA8:P48165:OID31187:v1:OncologyII
2598,STOML2,Q9UJZ1,OncologyII,2,0.2,STOML2:Q9UJZ1:OID31183:v1:OncologyII
495,CSRP3,P50461,CardiometabolicII,2,0.2,CSRP3:P50461:OID30176:v1:CardiometabolicII
2556,CREG1,O75629,Oncology,2,0.2,CREG1:O75629:OID21515:v1:Oncology
523,AIF1L,Q9BQI0,CardiometabolicII,2,0.2,AIF1L:Q9BQI0:OID30204:v1:CardiometabolicII
2489,NUCB2,P80303,Oncology,2,0.2,NUCB2:P80303:OID21448:v1:Oncology
543,EDN1,P05305,CardiometabolicII,2,0.2,EDN1:P05305:OID30224:v1:CardiometabolicII
1123,POLR2A,P24928,InflammationII,2,0.2,POLR2A:P24928:OID30440:v1:InflammationII
2480,MMP12,P39900,Oncology,2,0.2,MMP12:P39900:OID21439:v1:Oncology
2104,AZI2,Q9H6S1,NeurologyII,2,0.2,AZI2:Q9H6S1:OID31056:v1:NeurologyII
2109,GIGYF2,Q6Y7W6,NeurologyII,2,0.2,GIGYF2:Q6Y7W6:OID31062:v1:NeurologyII
2392,ICOSLG,O75144,Oncology,2,0.2,ICOSLG:O75144:OID21351:v1:Oncology
2141,KIAA0319,Q5VV43,NeurologyII,2,0.2,KIAA0319:Q5VV43:OID31094:v1:NeurologyII
687,SLC4A1,P02730,CardiometabolicII,2,0.2,SLC4A1:P02730:OID30369:v1:CardiometabolicII
709,CTHRC1,Q96CG8,CardiometabolicII,2,0.2,CTHRC1:Q96CG8:OID30393:v1:CardiometabolicII
998,TIMP3,P35625,Inflammation,2,0.2,TIMP3:P35625:OID20684:v1:Inflammation
982,CCL11,P51671,Inflammation,2,0.2,CCL11:P51671:OID20668:v1:Inflammation
880,CD83,Q01151,Inflammation,2,0.2,CD83:Q01151:OID20565:v1:Inflammation
2270,CLEC6A,Q6EIG7,Oncology,2,0.2,CLEC6A:Q6EIG7:OID21228:v1:Oncology
2262,STX6,O43752,Oncology,2,0.2,STX6:O43752:OID21219:v1:Oncology
1818,KEL,P23276,Neurology,2,0.2,KEL:P23276:OID20881:v1:Neurology
2684,LSM8,O95777,OncologyII,2,0.2,LSM8:O95777:OID31269:v1:OncologyII
129,CBLIF,P27352,Cardiometabolic,2,0.2,CBLIF:P27352:OID20179:v1:Cardiometabolic
1438,SERPINF1,P36955,InflammationII,2,0.2,SERPINF1:P36955:OID30757:v1:InflammationII
1734,SMARCA2,P51531,Neurology,2,0.2,SMARCA2:P51531:OID20796:v1:Neurology
1589,EZR,P15311,Neurology,2,0.2,EZR:P15311:OID21017:v1:Neurology
1733,IFNL1,Q8IU54,Neurology,2,0.2,IFNL1:Q8IU54:OID20795:v1:Neurology
2661,TMOD4,Q9NZQ9,OncologyII,2,0.2,TMOD4:Q9NZQ9:OID31246:v1:OncologyII
1729,FOSB,P53539,Neurology,2,0.2,FOSB:P53539:OID20791:v1:Neurology
1228,NECTIN1,Q15223,InflammationII,2,0.2,NECTIN1:Q15223:OID30545:v1:InflammationII
1420,F12,P00748,InflammationII,2,0.2,F12:P00748:OID30739:v1:InflammationII
2110,PDLIM5,Q96HC4,NeurologyII,1,0.1,PDLIM5:Q96HC4:OID31063:v1:NeurologyII
1724,STC2,O76061,Neurology,1,0.1,STC2:O76061:OID21157:v1:Neurology
1698,PECAM1,P16284,Neurology,1,0.1,PECAM1:P16284:OID21131:v1:Neurology
2107,RGCC,Q9H4X1,NeurologyII,1,0.1,RGCC:Q9H4X1:OID31060:v1:NeurologyII
1699,GNLY,P22749,Neurology,1,0.1,GNLY:P22749:OID21132:v1:Neurology
2095,ALDH5A1,P51649,NeurologyII,1,0.1,ALDH5A1:P51649:OID31047:v1:NeurologyII
2047,RGS10,O43665,NeurologyII,1,0.1,RGS10:O43665:OID30999:v1:NeurologyII
2092,EFHD1,Q9BUP0,NeurologyII,1,0.1,EFHD1:Q9BUP0:OID31044:v1:NeurologyII
2049,CCDC50,Q8IVM0,NeurologyII,1,0.1,CCDC50:Q8IVM0:OID31001:v1:NeurologyII
2081,MCEE,Q96PE7,NeurologyII,1,0.1,MCEE:Q96PE7:OID31033:v1:NeurologyII
2122,TAX1BP1,Q86VP1,NeurologyII,1,0.1,TAX1BP1:Q86VP1:OID31075:v1:NeurologyII
2080,LCN15,Q6UWW0,NeurologyII,1,0.1,LCN15:Q6UWW0:OID31032:v1:NeurologyII
2067,SNAPIN,O95295,NeurologyII,1,0.1,SNAPIN:O95295:OID31019:v1:NeurologyII
2062,LMOD1,P29536,NeurologyII,1,0.1,LMOD1:P29536:OID31014:v1:NeurologyII
2061,GPR158,Q5T848,NeurologyII,1,0.1,GPR158:Q5T848:OID31013:v1:NeurologyII
2054,HJV,Q6ZVN8,NeurologyII,1,0.1,HJV:Q6ZVN8:OID31006:v1:NeurologyII
1719,LILRA2,Q8N149,Neurology,1,0.1,LILRA2:Q8N149:OID21152:v1:Neurology
1722,TNFRSF1A,P19438,Neurology,1,0.1,TNFRSF1A:P19438:OID21155:v1:Neurology
1665,SPINK1,P00995,Neurology,1,0.1,SPINK1:P00995:OID21097:v1:Neurology
2255,NFKBIE,O00221,Oncology,1,0.1,NFKBIE:O00221:OID21212:v1:Oncology
2248,ZBTB16,Q05516,Oncology,1,0.1,ZBTB16:Q05516:OID21205:v1:Oncology
1672,PLA2G7,Q13093,Neurology,1,0.1,PLA2G7:Q13093:OID21105:v1:Neurology
2237,RASSF2,P50749,Oncology,1,0.1,RASSF2:P50749:OID21194:v1:Oncology
1677,CD99,P14209,Neurology,1,0.1,CD99:P14209:OID21110:v1:Neurology
2235,FEN1,P39748,Oncology,1,0.1,FEN1:P39748:OID21192:v1:Oncology
2218,RRM2B,Q7LG56,Oncology,1,0.1,RRM2B:Q7LG56:OID21174:v1:Oncology
2213,PSRC1,Q6PGN9,Oncology,1,0.1,PSRC1:Q6PGN9:OID21169:v1:Oncology
2209,SFTPA1,Q8IWL2,Oncology,1,0.1,SFTPA1:Q8IWL2:OID21165:v1:Oncology
2207,RABEPK,Q7Z6M1,Oncology,1,0.1,RABEPK:Q7Z6M1:OID21163:v1:Oncology
1696,PILRA,Q9UKJ1,Neurology,1,0.1,PILRA:Q9UKJ1:OID21129:v1:Neurology
2159,IMPACT,Q9P2X3,NeurologyII,1,0.1,IMPACT:Q9P2X3:OID31112:v1:NeurologyII
2157,PLB1,Q6P1J6,NeurologyII,1,0.1,PLB1:Q6P1J6:OID31110:v1:NeurologyII
1680,DSG2,Q14126,Neurology,1,0.1,DSG2:Q14126:OID21113:v1:Neurology
1687,TREML2,Q5T2D2,Neurology,1,0.1,TREML2:Q5T2D2:OID21120:v1:Neurology
2155,FGFBP3,Q8TAT2,NeurologyII,1,0.1,FGFBP3:Q8TAT2:OID31108:v1:NeurologyII
2153,BLOC1S3,Q6QNY0,NeurologyII,1,0.1,BLOC1S3:Q6QNY0:OID31106:v1:NeurologyII
1688,MYOC,Q99972,Neurology,1,0.1,MYOC:Q99972:OID21121:v1:Neurology
2148,PLXDC2,Q6UX71,NeurologyII,1,0.1,PLXDC2:Q6UX71:OID31101:v1:NeurologyII
2144,GSTT2B,P0CG30,NeurologyII,1,0.1,GSTT2B:P0CG30:OID31097:v1:NeurologyII
2043,RLN1,P04808,NeurologyII,1,0.1,RLN1:P04808:OID30995:v1:NeurologyII
2125,MTHFD2,P13995,NeurologyII,1,0.1,MTHFD2:P13995:OID31078:v1:NeurologyII
2164,AP3S2,P59780,NeurologyII,1,0.1,AP3S2:P59780:OID31117:v1:NeurologyII
1914,HTR1B,P28222,NeurologyII,1,0.1,HTR1B:P28222:OID30866:v1:NeurologyII
1913,KRT8,P05787,NeurologyII,1,0.1,KRT8:P05787:OID30865:v1:NeurologyII
1903,KLRC1,P26715,NeurologyII,1,0.1,KLRC1:P26715:OID30855:v1:NeurologyII
1869,CEND1,Q8N111,NeurologyII,1,0.1,CEND1:Q8N111:OID30821:v1:NeurologyII
1867,GPR101,Q96P66,NeurologyII,1,0.1,GPR101:Q96P66:OID30819:v1:NeurologyII
1779,TPPP3,Q9BW30,Neurology,1,0.1,TPPP3:Q9BW30:OID20842:v1:Neurology
1863,CRYM,Q14894,NeurologyII,1,0.1,CRYM:Q14894:OID30815:v1:NeurologyII
1862,IMPG1,Q17R60,NeurologyII,1,0.1,IMPG1:Q17R60:OID30814:v1:NeurologyII
1855,CNTF,P26441,NeurologyII,1,0.1,CNTF:P26441:OID30807:v1:NeurologyII
1853,CNGB3,Q9NQW8,NeurologyII,1,0.1,CNGB3:Q9NQW8:OID30805:v1:NeurologyII
2026,SORBS1,Q9BX66,NeurologyII,1,0.1,SORBS1:Q9BX66:OID30978:v1:NeurologyII
1847,TUBB3,Q13509,NeurologyII,1,0.1,TUBB3:Q13509:OID30799:v1:NeurologyII
1845,SYNGAP1,Q96PV0,NeurologyII,1,0.1,SYNGAP1:Q96PV0:OID30797:v1:NeurologyII
1839,IFNL2,Q8IZJ0,NeurologyII,1,0.1,IFNL2:Q8IZJ0:OID30791:v1:NeurologyII
1837,PIGR,P01833,Neurology,1,0.1,PIGR:P01833:OID21102:v1:Neurology
1835,CPM,P14384,Neurology,1,0.1,CPM:P14384:OID21054:v1:Neurology
1793,BAX,Q07812,Neurology,1,0.1,BAX:Q07812:OID20856:v1:Neurology
1798,GDNF,P39905,Neurology,1,0.1,GDNF:P39905:OID20861:v1:Neurology
1799,SLIT2,O94813,Neurology,1,0.1,SLIT2:O94813:OID20862:v1:Neurology
1817,PTK7,Q13308,Neurology,1,0.1,PTK7:Q13308:OID20880:v1:Neurology
1812,TDRKH,Q9Y2W6,Neurology,1,0.1,TDRKH:Q9Y2W6:OID20875:v1:Neurology
1803,MUC13,Q9H3R2,Neurology,1,0.1,MUC13:Q9H3R2:OID20866:v1:Neurology
1850,GRIN2B,Q13224,NeurologyII,1,0.1,GRIN2B:Q13224:OID30802:v1:NeurologyII
2041,DSCAM,O60469,NeurologyII,1,0.1,DSCAM:O60469:OID30993:v1:NeurologyII
1731,ODAM,A1E959,Neurology,1,0.1,ODAM:A1E959:OID20793:v1:Neurology
2036,NFIC,P08651,NeurologyII,1,0.1,NFIC:P08651:OID30988:v1:NeurologyII
2024,DLGAP5,Q15398,NeurologyII,1,0.1,DLGAP5:Q15398:OID30976:v1:NeurologyII
1732,PTEN,P60484,Neurology,1,0.1,PTEN:P60484:OID20794:v1:Neurology
2022,FBN2,P35556,NeurologyII,1,0.1,FBN2:P35556:OID30974:v1:NeurologyII
2020,CHM,P24386,NeurologyII,1,0.1,CHM:P24386:OID30972:v1:NeurologyII
2018,CIT,O14578,NeurologyII,1,0.1,CIT:O14578:OID30970:v1:NeurologyII
2004,AIDA,Q96BJ3,NeurologyII,1,0.1,AIDA:Q96BJ3:OID30956:v1:NeurologyII
2001,DCC,P43146,NeurologyII,1,0.1,DCC:P43146:OID30953:v1:NeurologyII
1938,CLIC5,Q9NZA1,NeurologyII,1,0.1,CLIC5:Q9NZA1:OID30890:v1:NeurologyII
1998,LYSMD3,Q7Z3D4,NeurologyII,1,0.1,LYSMD3:Q7Z3D4:OID30950:v1:NeurologyII
1990,TTF2,Q9UNY4,NeurologyII,1,0.1,TTF2:Q9UNY4:OID30942:v1:NeurologyII
1983,DUSP29,Q68J44,NeurologyII,1,0.1,DUSP29:Q68J44:OID30935:v1:NeurologyII
1981,MFAP3L,O75121,NeurologyII,1,0.1,MFAP3L:O75121:OID30933:v1:NeurologyII
2261,SFTPA2,Q8IWL1,Oncology,1,0.1,SFTPA2:Q8IWL1:OID21218:v1:Oncology
1975,DOC2B,Q14184,NeurologyII,1,0.1,DOC2B:Q14184:OID30927:v1:NeurologyII
1738,KRT14,P02533,Neurology,1,0.1,KRT14:P02533:OID20800:v1:Neurology
1742,SCARB1,Q8WTV0,Neurology,1,0.1,SCARB1:Q8WTV0:OID20805:v1:Neurology
1972,LRRC38,Q5VT99,NeurologyII,1,0.1,LRRC38:Q5VT99:OID30924:v1:NeurologyII
1965,MYLPF,Q96A32,NeurologyII,1,0.1,MYLPF:Q96A32:OID30917:v1:NeurologyII
1765,FGR,P09769,Neurology,1,0.1,FGR:P09769:OID20828:v1:Neurology
1999,SCT,P09683,NeurologyII,1,0.1,SCT:P09683:OID30951:v1:NeurologyII
81,VSIR,Q9H7M9,Cardiometabolic,1,0.1,VSIR:Q9H7M9:OID20131:v1:Cardiometabolic
75,NTproBNP,NTproBNP,Cardiometabolic,1,0.1,NTproBNP:NTproBNP:OID20125:v1:Cardiometabolic
2792,PCDHB15,Q9Y5E8,OncologyII,1,0.1,PCDHB15:Q9Y5E8:OID31377:v1:OncologyII
2929,PALM,O75781,OncologyII,1,0.1,PALM:O75781:OID31515:v1:OncologyII
2916,PPP2R5A,Q15172,OncologyII,1,0.1,PPP2R5A:Q15172:OID31502:v1:OncologyII
2913,FKBPL,Q9UIM3,OncologyII,1,0.1,FKBPL:Q9UIM3:OID31499:v1:OncologyII
2904,NCR3LG1,Q68D85,OncologyII,1,0.1,NCR3LG1:Q68D85:OID31490:v1:OncologyII
2891,SWAP70,Q9UH65,OncologyII,1,0.1,SWAP70:Q9UH65:OID31477:v1:OncologyII
2886,DNAJC9,Q8WXX5,OncologyII,1,0.1,DNAJC9:Q8WXX5:OID31472:v1:OncologyII
2880,ATG16L1,Q676U5,OncologyII,1,0.1,ATG16L1:Q676U5:OID31466:v1:OncologyII
2870,PCDH7,O60245,OncologyII,1,0.1,PCDH7:O60245:OID31456:v1:OncologyII
2860,TNFAIP2,Q03169,OncologyII,1,0.1,TNFAIP2:Q03169:OID31446:v1:OncologyII
2340,CD207,Q9UJ71,Oncology,1,0.1,CD207:Q9UJ71:OID21298:v1:Oncology
2845,KIR2DL2,P43627,OncologyII,1,0.1,KIR2DL2:P43627:OID31431:v1:OncologyII
2839,STAM,Q92783,OncologyII,1,0.1,STAM:Q92783:OID31425:v1:OncologyII
2838,HSPA2,P54652,OncologyII,1,0.1,HSPA2:P54652:OID31424:v1:OncologyII
2826,NUBP1,P53384,OncologyII,1,0.1,NUBP1:P53384:OID31412:v1:OncologyII
2822,REG3G,Q6UW15,OncologyII,1,0.1,REG3G:Q6UW15:OID31408:v1:OncologyII
2814,MINDY1,Q8N5J2,OncologyII,1,0.1,MINDY1:Q8N5J2:OID31399:v1:OncologyII
2811,LAMTOR5,O43504,OncologyII,1,0.1,LAMTOR5:O43504:OID31396:v1:OncologyII
2809,DUSP13,Q6B8I1,OncologyII,1,0.1,DUSP13:Q6B8I1:OID31394:v1:OncologyII
2806,ERN1,O75460,OncologyII,1,0.1,ERN1:O75460:OID31391:v1:OncologyII
2799,CAPN3,P20807,OncologyII,1,0.1,CAPN3:P20807:OID31384:v1:OncologyII
2788,EPGN,Q6UW88,OncologyII,1,0.1,EPGN:Q6UW88:OID31373:v1:OncologyII
2781,WFDC1,Q9HC57,OncologyII,1,0.1,WFDC1:Q9HC57:OID31366:v1:OncologyII
2859,SLC9A3R2,Q15599,OncologyII,1,0.1,SLC9A3R2:Q15599:OID31445:v1:OncologyII
278,CCL15,Q16663,Cardiometabolic,1,0.1,CCL15:Q16663:OID20328:v1:Cardiometabolic
272,SPP1,P10451,Cardiometabolic,1,0.1,SPP1:P10451:OID20322:v1:Cardiometabolic
269,EGFR,P00533,Cardiometabolic,1,0.1,EGFR:P00533:OID20319:v1:Cardiometabolic
260,PTPRF,P10586,Cardiometabolic,1,0.1,PTPRF:P10586:OID20310:v1:Cardiometabolic
252,ST6GAL1,P15907,Cardiometabolic,1,0.1,ST6GAL1:P15907:OID20302:v1:Cardiometabolic
251,LILRB2,Q8N423,Cardiometabolic,1,0.1,LILRB2:Q8N423:OID20301:v1:Cardiometabolic
244,CSTB,P04080,Cardiometabolic,1,0.1,CSTB:P04080:OID20294:v1:Cardiometabolic
242,COL6A3,P12111,Cardiometabolic,1,0.1,COL6A3:P12111:OID20292:v1:Cardiometabolic
236,CORO1A,P31146,Cardiometabolic,1,0.1,CORO1A:P31146:OID20286:v1:Cardiometabolic
227,ICAM3,P32942,Cardiometabolic,1,0.1,ICAM3:P32942:OID20277:v1:Cardiometabolic
219,MET,P08581,Cardiometabolic,1,0.1,MET:P08581:OID20269:v1:Cardiometabolic
209,XG,P55808,Cardiometabolic,1,0.1,XG:P55808:OID20259:v1:Cardiometabolic
98,DCTPP1,Q9H773,Cardiometabolic,1,0.1,DCTPP1:Q9H773:OID20148:v1:Cardiometabolic
200,IL1RL1,Q01638,Cardiometabolic,1,0.1,IL1RL1:Q01638:OID20250:v1:Cardiometabolic
193,CDH5,P33151,Cardiometabolic,1,0.1,CDH5:P33151:OID20243:v1:Cardiometabolic
186,IGFBP7,Q16270,Cardiometabolic,1,0.1,IGFBP7:Q16270:OID20236:v1:Cardiometabolic
183,FAM3C,Q92520,Cardiometabolic,1,0.1,FAM3C:Q92520:OID20233:v1:Cardiometabolic
180,HSPB1,P04792,Cardiometabolic,1,0.1,HSPB1:P04792:OID20230:v1:Cardiometabolic
172,NECTIN2,Q92692,Cardiometabolic,1,0.1,NECTIN2:Q92692:OID20222:v1:Cardiometabolic
167,HMOX1,P09601,Cardiometabolic,1,0.1,HMOX1:P09601:OID20217:v1:Cardiometabolic
155,NPDC1,Q9NQX5,Cardiometabolic,1,0.1,NPDC1:Q9NQX5:OID20205:v1:Cardiometabolic
137,LEP,P41159,Cardiometabolic,1,0.1,LEP:P41159:OID20187:v1:Cardiometabolic
287,PRCP,P42785,Cardiometabolic,1,0.1,PRCP:P42785:OID20337:v1:Cardiometabolic
119,SDC1,P18827,Cardiometabolic,1,0.1,SDC1:P18827:OID20169:v1:Cardiometabolic
118,MEP1B,Q16820,Cardiometabolic,1,0.1,MEP1B:Q16820:OID20168:v1:Cardiometabolic
99,PM20D1,Q6GTS8,Cardiometabolic,1,0.1,PM20D1:Q6GTS8:OID20149:v1:Cardiometabolic
205,TGFBR3,Q03167,Cardiometabolic,1,0.1,TGFBR3:Q03167:OID20255:v1:Cardiometabolic
2427,CBLN4,Q9NTU7,Oncology,1,0.1,CBLN4:Q9NTU7:OID21386:v1:Oncology
2424,ALPP,P05187,Oncology,1,0.1,ALPP:P05187:OID21383:v1:Oncology
2412,GALNT10,Q86SR1,Oncology,1,0.1,GALNT10:Q86SR1:OID21371:v1:Oncology
2407,CES2,O00748,Oncology,1,0.1,CES2:O00748:OID21366:v1:Oncology
2400,APBB1IP,Q7Z5R6,Oncology,1,0.1,APBB1IP:Q7Z5R6:OID21359:v1:Oncology
2399,PODXL,O00592,Oncology,1,0.1,PODXL:O00592:OID21358:v1:Oncology
2396,VPS37A,Q8NEZ2,Oncology,1,0.1,VPS37A:Q8NEZ2:OID21355:v1:Oncology
2385,CA12,O43570,Oncology,1,0.1,CA12:O43570:OID21344:v1:Oncology
2384,RTBDN,Q9BSG5,Oncology,1,0.1,RTBDN:Q9BSG5:OID21343:v1:Oncology
2383,EPHA2,P29317,Oncology,1,0.1,EPHA2:P29317:OID21342:v1:Oncology
2381,CES3,Q6UWW8,Oncology,1,0.1,CES3:Q6UWW8:OID21340:v1:Oncology
2375,DCTN2,Q13561,Oncology,1,0.1,DCTN2:Q13561:OID21334:v1:Oncology
2780,EDDM3B,P56851,OncologyII,1,0.1,EDDM3B:P56851:OID31365:v1:OncologyII
2367,STX4,Q12846,Oncology,1,0.1,STX4:Q12846:OID21326:v1:Oncology
2358,CNPY4,Q8N129,Oncology,1,0.1,CNPY4:Q8N129:OID21317:v1:Oncology
2357,CD38,P28907,Oncology,1,0.1,CD38:P28907:OID21316:v1:Oncology
2350,GRPEL1,Q9HAV7,Oncology,1,0.1,GRPEL1:Q9HAV7:OID21309:v1:Oncology
1643,GGT1,P19440,Neurology,1,0.1,GGT1:P19440:OID21075:v1:Neurology
2335,LRP1,Q07954,Oncology,1,0.1,LRP1:Q07954:OID21293:v1:Oncology
2334,LAT2,Q9GZY6,Oncology,1,0.1,LAT2:Q9GZY6:OID21292:v1:Oncology
2315,PDCD1LG2,Q9BQ51,Oncology,1,0.1,PDCD1LG2:Q9BQ51:OID21273:v1:Oncology
2308,HPGDS,O60760,Oncology,1,0.1,HPGDS:O60760:OID21266:v1:Oncology
2300,PLXDC1,Q8IUK5,Oncology,1,0.1,PLXDC1:Q8IUK5:OID21258:v1:Oncology
2282,STXBP3,O00186,Oncology,1,0.1,STXBP3:O00186:OID21240:v1:Oncology
2268,DDX58,O95786,Oncology,1,0.1,DDX58:O95786:OID21226:v1:Oncology
2265,SH2B3,Q9UQQ2,Oncology,1,0.1,SH2B3:Q9UQQ2:OID21222:v1:Oncology
2371,GFRA2,O00451,Oncology,1,0.1,GFRA2:O00451:OID21330:v1:Oncology
2774,TG,P01266,OncologyII,1,0.1,TG:P01266:OID31359:v1:OncologyII
2766,AMOTL2,Q9Y2J4,OncologyII,1,0.1,AMOTL2:Q9Y2J4:OID31351:v1:OncologyII
2764,ENOPH1,Q9UHY7,OncologyII,1,0.1,ENOPH1:Q9UHY7:OID31349:v1:OncologyII
2599,BSND,Q8WZ55,OncologyII,1,0.1,BSND:Q8WZ55:OID31184:v1:OncologyII
2593,MYH7B,A7E2Y1,OncologyII,1,0.1,MYH7B:A7E2Y1:OID31178:v1:OncologyII
2588,ANKRA2,Q9H9E1,OncologyII,1,0.1,ANKRA2:Q9H9E1:OID31173:v1:OncologyII
2580,PRAME,P78395,OncologyII,1,0.1,PRAME:P78395:OID31165:v1:OncologyII
2576,PCNA,P12004,OncologyII,1,0.1,PCNA:P12004:OID31161:v1:OncologyII
2573,PBK,Q96KB5,OncologyII,1,0.1,PBK:Q96KB5:OID31158:v1:OncologyII
2572,MIA,Q16674,Oncology,1,0.1,MIA:Q16674:OID21531:v1:Oncology
2570,FOLR1,P15328,Oncology,1,0.1,FOLR1:P15328:OID21529:v1:Oncology
2565,VEGFC,P49767,Oncology,1,0.1,VEGFC:P49767:OID21524:v1:Oncology
2430,EBI3_IL27,Q14213_Q8NEV9,Oncology,1,0.1,EBI3_IL27:Q14213_Q8NEV9:OID21389:v1:Oncology
2545,IL13RA1,P78552,Oncology,1,0.1,IL13RA1:P78552:OID21504:v1:Oncology
2536,TXNDC15,Q96J42,Oncology,1,0.1,TXNDC15:Q96J42:OID21495:v1:Oncology
2525,L1CAM,P32004,Oncology,1,0.1,L1CAM:P32004:OID21484:v1:Oncology
2517,ATOX1,O00244,Oncology,1,0.1,ATOX1:O00244:OID21476:v1:Oncology
2488,TACSTD2,P09758,Oncology,1,0.1,TACSTD2:P09758:OID21447:v1:Oncology
2482,HS6ST1,O60243,Oncology,1,0.1,HS6ST1:O60243:OID21441:v1:Oncology
2481,F3,P13726,Oncology,1,0.1,F3:P13726:OID21440:v1:Oncology
2477,RILP,Q96NA2,Oncology,1,0.1,RILP:Q96NA2:OID21436:v1:Oncology
2471,CXCL8,P10145,Oncology,1,0.1,CXCL8:P10145:OID21430:v1:Oncology
2457,ITGAV,P06756,Oncology,1,0.1,ITGAV:P06756:OID21416:v1:Oncology
2444,TRIAP1,O43715,Oncology,1,0.1,TRIAP1:O43715:OID21403:v1:Oncology
2442,CA14,Q9ULX7,Oncology,1,0.1,CA14:Q9ULX7:OID21401:v1:Oncology
2431,SIGLEC9,Q9Y336,Oncology,1,0.1,SIGLEC9:Q9Y336:OID21390:v1:Oncology
2549,XPNPEP2,O43895,Oncology,1,0.1,XPNPEP2:O43895:OID21508:v1:Oncology
529,IGSF21,Q96ID5,CardiometabolicII,1,0.1,IGSF21:Q96ID5:OID30210:v1:CardiometabolicII
528,ENO3,P13929,CardiometabolicII,1,0.1,ENO3:P13929:OID30209:v1:CardiometabolicII
527,M6PR,P20645,CardiometabolicII,1,0.1,M6PR:P20645:OID30208:v1:CardiometabolicII
522,ANP32C,O43423,CardiometabolicII,1,0.1,ANP32C:O43423:OID30203:v1:CardiometabolicII
519,CBS,P35520,CardiometabolicII,1,0.1,CBS:P35520:OID30200:v1:CardiometabolicII
515,SEL1L,Q9UBV2,CardiometabolicII,1,0.1,SEL1L:Q9UBV2:OID30196:v1:CardiometabolicII
512,VIPR1,P32241,CardiometabolicII,1,0.1,VIPR1:P32241:OID30193:v1:CardiometabolicII
511,ACTN2,P35609,CardiometabolicII,1,0.1,ACTN2:P35609:OID30192:v1:CardiometabolicII
481,LILRA4,P59901,CardiometabolicII,1,0.1,LILRA4:P59901:OID30162:v1:CardiometabolicII
470,PDZD2,O15018,CardiometabolicII,1,0.1,PDZD2:O15018:OID30151:v1:CardiometabolicII
468,PROCR,Q9UNN8,CardiometabolicII,1,0.1,PROCR:Q9UNN8:OID30149:v1:CardiometabolicII
465,ABCA2,Q9BZC7,CardiometabolicII,1,0.1,ABCA2:Q9BZC7:OID30146:v1:CardiometabolicII
1561,CD63,P08962,Neurology,1,0.1,CD63:P08962:OID20988:v1:Neurology
461,ECI2,O75521,CardiometabolicII,1,0.1,ECI2:O75521:OID30142:v1:CardiometabolicII
453,NFYA,P23511,CardiometabolicII,1,0.1,NFYA:P23511:OID30134:v1:CardiometabolicII
451,HADH,Q16836,CardiometabolicII,1,0.1,HADH:Q16836:OID30132:v1:CardiometabolicII
450,MYOM2,P54296,CardiometabolicII,1,0.1,MYOM2:P54296:OID30131:v1:CardiometabolicII
436,ZCCHC8,Q6NZY4,CardiometabolicII,1,0.1,ZCCHC8:Q6NZY4:OID30117:v1:CardiometabolicII
435,NPR1,P16066,CardiometabolicII,1,0.1,NPR1:P16066:OID30116:v1:CardiometabolicII
431,IGF2BP3,O00425,CardiometabolicII,1,0.1,IGF2BP3:O00425:OID30112:v1:CardiometabolicII
421,NUDT15,Q9NV35,CardiometabolicII,1,0.1,NUDT15:Q9NV35:OID30102:v1:CardiometabolicII
420,PGLYRP4,Q96LB8,CardiometabolicII,1,0.1,PGLYRP4:Q96LB8:OID30101:v1:CardiometabolicII
417,SHD,Q96IW2,CardiometabolicII,1,0.1,SHD:Q96IW2:OID30098:v1:CardiometabolicII
416,CD2,P06729,CardiometabolicII,1,0.1,CD2:P06729:OID30097:v1:CardiometabolicII
415,UBQLN3,Q9H347,CardiometabolicII,1,0.1,UBQLN3:Q9H347:OID30096:v1:CardiometabolicII
408,NECAP2,Q9NVZ3,CardiometabolicII,1,0.1,NECAP2:Q9NVZ3:OID30089:v1:CardiometabolicII
462,TPR,P12270,CardiometabolicII,1,0.1,TPR:P12270:OID30143:v1:CardiometabolicII
751,LTO1,Q8WV07,Inflammation,1,0.1,LTO1:Q8WV07:OID20434:v1:Inflammation
743,IL4,P05112,Inflammation,1,0.1,IL4:P05112:OID20426:v1:Inflammation
726,POSTN,Q15063,CardiometabolicII,1,0.1,POSTN:Q15063:OID30410:v1:CardiometabolicII
724,ITGBL1,O95965,CardiometabolicII,1,0.1,ITGBL1:O95965:OID30408:v1:CardiometabolicII
705,TREH,O43280,CardiometabolicII,1,0.1,TREH:O43280:OID30388:v1:CardiometabolicII
704,SHISA5,Q8N114,CardiometabolicII,1,0.1,SHISA5:Q8N114:OID30387:v1:CardiometabolicII
686,LCP1,P13796,CardiometabolicII,1,0.1,LCP1:P13796:OID30367:v1:CardiometabolicII
673,RAB27B,O00194,CardiometabolicII,1,0.1,RAB27B:O00194:OID30354:v1:CardiometabolicII
670,FABP3,P05413,CardiometabolicII,1,0.1,FABP3:P05413:OID30351:v1:CardiometabolicII
668,ADGRF5,Q8IZF2,CardiometabolicII,1,0.1,ADGRF5:Q8IZF2:OID30349:v1:CardiometabolicII
666,MELTF,P08582,CardiometabolicII,1,0.1,MELTF:P08582:OID30347:v1:CardiometabolicII
665,LILRA6,Q6PI73,CardiometabolicII,1,0.1,LILRA6:Q6PI73:OID30346:v1:CardiometabolicII
656,HEPH,Q9BQS7,CardiometabolicII,1,0.1,HEPH:Q9BQS7:OID30337:v1:CardiometabolicII
549,IDO1,P14902,CardiometabolicII,1,0.1,IDO1:P14902:OID30230:v1:CardiometabolicII
650,SARG,Q9BW04,CardiometabolicII,1,0.1,SARG:Q9BW04:OID30331:v1:CardiometabolicII
641,CPXM2,Q8N436,CardiometabolicII,1,0.1,CPXM2:Q8N436:OID30322:v1:CardiometabolicII
639,LECT2,O14960,CardiometabolicII,1,0.1,LECT2:O14960:OID30320:v1:CardiometabolicII
634,ASPN,Q9BXN1,CardiometabolicII,1,0.1,ASPN:Q9BXN1:OID30315:v1:CardiometabolicII
621,EHBP1,Q8NDI1,CardiometabolicII,1,0.1,EHBP1:Q8NDI1:OID30302:v1:CardiometabolicII
617,SPESP1,Q6UW49,CardiometabolicII,1,0.1,SPESP1:Q6UW49:OID30298:v1:CardiometabolicII
596,SCN4B,Q8IWT1,CardiometabolicII,1,0.1,SCN4B:Q8IWT1:OID30277:v1:CardiometabolicII
595,PRRT3,Q5FWE3,CardiometabolicII,1,0.1,PRRT3:Q5FWE3:OID30276:v1:CardiometabolicII
581,MAN1A2,O60476,CardiometabolicII,1,0.1,MAN1A2:O60476:OID30262:v1:CardiometabolicII
571,NIT1,Q86X76,CardiometabolicII,1,0.1,NIT1:Q86X76:OID30252:v1:CardiometabolicII
568,CALCOCO2,Q13137,CardiometabolicII,1,0.1,CALCOCO2:Q13137:OID30249:v1:CardiometabolicII
567,FAM172A,Q8WUF8,CardiometabolicII,1,0.1,FAM172A:Q8WUF8:OID30248:v1:CardiometabolicII
550,ENTR1,Q96C92,CardiometabolicII,1,0.1,ENTR1:Q96C92:OID30231:v1:CardiometabolicII
652,SCRG1,O75711,CardiometabolicII,1,0.1,SCRG1:O75711:OID30333:v1:CardiometabolicII
2701,PAFAH2,Q99487,OncologyII,1,0.1,PAFAH2:Q99487:OID31286:v1:OncologyII
2695,TEX33,O43247,OncologyII,1,0.1,TEX33:O43247:OID31280:v1:OncologyII
2691,CASP4,P49662,OncologyII,1,0.1,CASP4:P49662:OID31276:v1:OncologyII
2689,TPPP2,P59282,OncologyII,1,0.1,TPPP2:P59282:OID31274:v1:OncologyII
2683,OFD1,O75665,OncologyII,1,0.1,OFD1:O75665:OID31268:v1:OncologyII
2682,TCP11,Q8WWU5,OncologyII,1,0.1,TCP11:Q8WWU5:OID31267:v1:OncologyII
2676,GADD45B,O75293,OncologyII,1,0.1,GADD45B:O75293:OID31261:v1:OncologyII
2673,NFKB2,Q00653,OncologyII,1,0.1,NFKB2:Q00653:OID31258:v1:OncologyII
2641,PDXDC1,Q6P996,OncologyII,1,0.1,PDXDC1:Q6P996:OID31226:v1:OncologyII
2762,ZNRF4,Q8WWF5,OncologyII,1,0.1,ZNRF4:Q8WWF5:OID31347:v1:OncologyII
2639,GRSF1,Q12849,OncologyII,1,0.1,GRSF1:Q12849:OID31224:v1:OncologyII
2620,MAPK13,O15264,OncologyII,1,0.1,MAPK13:O15264:OID31205:v1:OncologyII
407,HCG22,E2RYF7,CardiometabolicII,1,0.1,HCG22:E2RYF7:OID30088:v1:CardiometabolicII
2616,PDE1C,Q14123,OncologyII,1,0.1,PDE1C:Q14123:OID31201:v1:OncologyII
2614,GAGE2A,Q6NT46,OncologyII,1,0.1,GAGE2A:Q6NT46:OID31199:v1:OncologyII
2607,CLASP1,Q7Z460,OncologyII,1,0.1,CLASP1:Q7Z460:OID31192:v1:OncologyII
2606,KIR3DL2,P43630,OncologyII,1,0.1,KIR3DL2:P43630:OID31191:v1:OncologyII
68,CLTA,P09496,Cardiometabolic,1,0.1,CLTA:P09496:OID20118:v1:Cardiometabolic
56,DCN,P07585,Cardiometabolic,1,0.1,DCN:P07585:OID20106:v1:Cardiometabolic
53,S100P,P25815,Cardiometabolic,1,0.1,S100P:P25815:OID20103:v1:Cardiometabolic
52,CEACAM8,P31997,Cardiometabolic,1,0.1,CEACAM8:P31997:OID20102:v1:Cardiometabolic
50,ENTPD6,O75354,Cardiometabolic,1,0.1,ENTPD6:O75354:OID20100:v1:Cardiometabolic
42,MPHOSPH8,Q99549,Cardiometabolic,1,0.1,MPHOSPH8:Q99549:OID20092:v1:Cardiometabolic
37,MMP7,P09237,Cardiometabolic,1,0.1,MMP7:P09237:OID20087:v1:Cardiometabolic
13,HEBP1,Q9NRV9,Cardiometabolic,1,0.1,HEBP1:Q9NRV9:OID20063:v1:Cardiometabolic
2938,CETN3,O15182,OncologyII,1,0.1,CETN3:O15182:OID31525:v1:OncologyII
2619,DNAJA1,P31689,OncologyII,1,0.1,DNAJA1:P31689:OID31204:v1:OncologyII
392,CSF2,P04141,CardiometabolicII,1,0.1,CSF2:P04141:OID30072:v1:CardiometabolicII
389,RAB39B,Q96DA2,CardiometabolicII,1,0.1,RAB39B:Q96DA2:OID30069:v1:CardiometabolicII
376,SKIV2L,Q15477,CardiometabolicII,1,0.1,SKIV2L:Q15477:OID30056:v1:CardiometabolicII
363,EFEMP1,Q12805,Cardiometabolic,1,0.1,EFEMP1:Q12805:OID20414:v1:Cardiometabolic
359,C2,P06681,Cardiometabolic,1,0.1,C2:P06681:OID20410:v1:Cardiometabolic
345,VCAM1,P19320,Cardiometabolic,1,0.1,VCAM1:P19320:OID20396:v1:Cardiometabolic
335,SOD1,P00441,Cardiometabolic,1,0.1,SOD1:P00441:OID20386:v1:Cardiometabolic
333,HSPG2,P98160,Cardiometabolic,1,0.1,HSPG2:P98160:OID20383:v1:Cardiometabolic
317,C1QTNF1,Q9BXJ1,Cardiometabolic,1,0.1,C1QTNF1:Q9BXJ1:OID20367:v1:Cardiometabolic
313,AXL,P30530,Cardiometabolic,1,0.1,AXL:P30530:OID20363:v1:Cardiometabolic
309,TNC,P24821,Cardiometabolic,1,0.1,TNC:P24821:OID20359:v1:Cardiometabolic
308,CTSD,P07339,Cardiometabolic,1,0.1,CTSD:P07339:OID20358:v1:Cardiometabolic
305,LBP,P18428,Cardiometabolic,1,0.1,LBP:P18428:OID20355:v1:Cardiometabolic
2712,RGL2,O15211,OncologyII,1,0.1,RGL2:O15211:OID31297:v1:OncologyII
294,DEFA1_DEFA1B,P59665,Cardiometabolic,1,0.1,DEFA1_DEFA1B:P59665:OID20344:v1:Cardiometabolic
2640,TAGLN3,Q9UI15,OncologyII,1,0.1,TAGLN3:Q9UI15:OID31225:v1:OncologyII
2761,RAB44,Q7Z6P3,OncologyII,1,0.1,RAB44:Q7Z6P3:OID31346:v1:OncologyII
2758,TARS1,P26639,OncologyII,1,0.1,TARS1:P26639:OID31343:v1:OncologyII
2753,FAM171B,Q6P995,OncologyII,1,0.1,FAM171B:Q6P995:OID31338:v1:OncologyII
2749,SH3GL3,Q99963,OncologyII,1,0.1,SH3GL3:Q99963:OID31334:v1:OncologyII
2747,CDH22,Q9UJ99,OncologyII,1,0.1,CDH22:Q9UJ99:OID31332:v1:OncologyII
2741,PTTG1,O95997,OncologyII,1,0.1,PTTG1:O95997:OID31326:v1:OncologyII
2739,RPE,Q96AT9,OncologyII,1,0.1,RPE:Q96AT9:OID31324:v1:OncologyII
2737,SERPINH1,P50454,OncologyII,1,0.1,SERPINH1:P50454:OID31322:v1:OncologyII
2733,GUCY2C,P25092,OncologyII,1,0.1,GUCY2C:P25092:OID31318:v1:OncologyII
2720,MTHFSD,Q2M296,OncologyII,1,0.1,MTHFSD:Q2M296:OID31305:v1:OncologyII
2718,ZNF75D,P51815,OncologyII,1,0.1,ZNF75D:P51815:OID31303:v1:OncologyII
304,NCAM1,P13591,Cardiometabolic,1,0.1,NCAM1:P13591:OID20354:v1:Cardiometabolic
1382,APOF,Q13790,InflammationII,1,0.1,APOF:Q13790:OID30701:v1:InflammationII
1368,APOA2,P02652,InflammationII,1,0.1,APOA2:P02652:OID30686:v1:InflammationII
1363,CSF1R,P07333,InflammationII,1,0.1,CSF1R:P07333:OID30681:v1:InflammationII
1355,APOB,P04114,InflammationII,1,0.1,APOB:P04114:OID30673:v1:InflammationII
1353,CGB3_CGB5_CGB8,P0DN86,InflammationII,1,0.1,CGB3_CGB5_CGB8:P0DN86:OID30671:v1:InflammationII
1342,CHAD,O15335,InflammationII,1,0.1,CHAD:O15335:OID30660:v1:InflammationII
1321,GIMAP7,Q8NHV1,InflammationII,1,0.1,GIMAP7:Q8NHV1:OID30639:v1:InflammationII
1318,SYAP1,Q96A49,InflammationII,1,0.1,SYAP1:Q96A49:OID30636:v1:InflammationII
1302,C1QTNF9,P0C862,InflammationII,1,0.1,C1QTNF9:P0C862:OID30620:v1:InflammationII
1301,CRELD1,Q96HD1,InflammationII,1,0.1,CRELD1:Q96HD1:OID30619:v1:InflammationII
1297,BMPER,Q8N8U9,InflammationII,1,0.1,BMPER:Q8N8U9:OID30615:v1:InflammationII
1288,CPA4,Q9UI42,InflammationII,1,0.1,CPA4:Q9UI42:OID30606:v1:InflammationII
756,PREB,Q9HCU5,Inflammation,1,0.1,PREB:Q9HCU5:OID20439:v1:Inflammation
1275,CELSR2,Q9HCU4,InflammationII,1,0.1,CELSR2:Q9HCU4:OID30593:v1:InflammationII
1269,COL5A1,P20908,InflammationII,1,0.1,COL5A1:P20908:OID30587:v1:InflammationII
1267,ACHE,P22303,InflammationII,1,0.1,ACHE:P22303:OID30585:v1:InflammationII
1266,PDE5A,O76074,InflammationII,1,0.1,PDE5A:O76074:OID30584:v1:InflammationII
1257,BMP10,O95393,InflammationII,1,0.1,BMP10:O95393:OID30575:v1:InflammationII
1246,PPL,O60437,InflammationII,1,0.1,PPL:O60437:OID30564:v1:InflammationII
1245,IDO1,P14902,InflammationII,1,0.1,IDO1:P14902:OID30563:v1:InflammationII
1234,IL36G,Q9NZH8,InflammationII,1,0.1,IL36G:Q9NZH8:OID30551:v1:InflammationII
1232,DBN1,Q16643,InflammationII,1,0.1,DBN1:Q16643:OID30549:v1:InflammationII
1219,STAT2,P52630,InflammationII,1,0.1,STAT2:P52630:OID30536:v1:InflammationII
1207,ACP1,P24666,InflammationII,1,0.1,ACP1:P24666:OID30524:v1:InflammationII
1204,NEDD4L,Q96PU5,InflammationII,1,0.1,NEDD4L:Q96PU5:OID30521:v1:InflammationII
1192,NAGA,P17050,InflammationII,1,0.1,NAGA:P17050:OID30509:v1:InflammationII
1283,RLN2,P04090,InflammationII,1,0.1,RLN2:P04090:OID30601:v1:InflammationII
1641,MIF,P14174,Neurology,1,0.1,MIF:P14174:OID21073:v1:Neurology
1629,CLEC1B,Q9P126,Neurology,1,0.1,CLEC1B:Q9P126:OID21061:v1:Neurology
1614,GOLM2,Q6P4E1,Neurology,1,0.1,GOLM2:Q6P4E1:OID21044:v1:Neurology
1604,SUMF2,Q8NBJ7,Neurology,1,0.1,SUMF2:Q8NBJ7:OID21032:v1:Neurology
1594,NSFL1C,Q9UNZ2,Neurology,1,0.1,NSFL1C:Q9UNZ2:OID21022:v1:Neurology
1578,CNTN5,O94779,Neurology,1,0.1,CNTN5:O94779:OID21006:v1:Neurology
1558,TNFRSF9,Q07011,Neurology,1,0.1,TNFRSF9:Q07011:OID20985:v1:Neurology
1555,EPHB6,O15197,Neurology,1,0.1,EPHB6:O15197:OID20982:v1:Neurology
1546,CCS,O14618,Neurology,1,0.1,CCS:O14618:OID20973:v1:Neurology
1534,NPM1,P06748,Neurology,1,0.1,NPM1:P06748:OID20961:v1:Neurology
1529,DNMBP,Q6XZF7,Neurology,1,0.1,DNMBP:Q6XZF7:OID20956:v1:Neurology
1525,TXLNA,P40222,Neurology,1,0.1,TXLNA:P40222:OID20952:v1:Neurology
1523,RHOC,P08134,Neurology,1,0.1,RHOC:P08134:OID20950:v1:Neurology
1389,APOL1,O14791,InflammationII,1,0.1,APOL1:O14791:OID30708:v1:InflammationII
1500,WWP2,O00308,Neurology,1,0.1,WWP2:O00308:OID20926:v1:Neurology
1484,CLPP,Q16740,Neurology,1,0.1,CLPP:Q16740:OID20910:v1:Neurology
1481,IMPA1,P29218,Neurology,1,0.1,IMPA1:P29218:OID20907:v1:Neurology
1461,GC,P02774,InflammationII,1,0.1,GC:P02774:OID30780:v1:InflammationII
1452,A1BG,P04217,InflammationII,1,0.1,A1BG:P04217:OID30771:v1:InflammationII
1443,ITIH4,Q14624,InflammationII,1,0.1,ITIH4:Q14624:OID30762:v1:InflammationII
1427,APOD,P05090,InflammationII,1,0.1,APOD:P05090:OID30746:v1:InflammationII
1416,ATRN,O75882-2,InflammationII,1,0.1,ATRN:O75882-2:OID30735:v1:InflammationII
1413,CLU,P10909,InflammationII,1,0.1,CLU:P10909:OID30732:v1:InflammationII
1411,PZP,P20742,InflammationII,1,0.1,PZP:P20742:OID30730:v1:InflammationII
1403,ITIH1,P19827,InflammationII,1,0.1,ITIH1:P19827:OID30722:v1:InflammationII
1394,MST1,P26927,InflammationII,1,0.1,MST1:P26927:OID30713:v1:InflammationII
1390,AGT,P01019,InflammationII,1,0.1,AGT:P01019:OID30709:v1:InflammationII
1508,EFNA4,P52798,Neurology,1,0.1,EFNA4:P52798:OID20935:v1:Neurology
1007,CCL23,P55773,Inflammation,1,0.1,CCL23:P55773:OID20693:v1:Inflammation
1006,CD48,P09326,Inflammation,1,0.1,CD48:P09326:OID20692:v1:Inflammation
999,PLA2G4A,P47712,Inflammation,1,0.1,PLA2G4A:P47712:OID20685:v1:Inflammation
955,LAT,O43561,Inflammation,1,0.1,LAT:O43561:OID20640:v1:Inflammation
949,NFASC,O94856,Inflammation,1,0.1,NFASC:O94856:OID20634:v1:Inflammation
946,CXCL8,P10145,Inflammation,1,0.1,CXCL8:P10145:OID20631:v1:Inflammation
934,IDS,P22304,Inflammation,1,0.1,IDS:P22304:OID20619:v1:Inflammation
910,CD200R1,Q8TD46,Inflammation,1,0.1,CD200R1:Q8TD46:OID20595:v1:Inflammation
891,IL4R,P24394,Inflammation,1,0.1,IL4R:P24394:OID20576:v1:Inflammation
889,OSM,P13725,Inflammation,1,0.1,OSM:P13725:OID20574:v1:Inflammation
886,PTH1R,Q03431,Inflammation,1,0.1,PTH1R:Q03431:OID20571:v1:Inflammation
849,PSIP1,O75475,Inflammation,1,0.1,PSIP1:O75475:OID20534:v1:Inflammation
1179,REPS1,Q96D71,InflammationII,1,0.1,REPS1:Q96D71:OID30496:v1:InflammationII
831,FOXO1,Q12778,Inflammation,1,0.1,FOXO1:Q12778:OID20515:v1:Inflammation
827,PSPN,O60542,Inflammation,1,0.1,PSPN:O60542:OID20511:v1:Inflammation
815,IL15RA,Q13261,Inflammation,1,0.1,IL15RA:Q13261:OID20498:v1:Inflammation
803,IL12RB1,P42701,Inflammation,1,0.1,IL12RB1:P42701:OID20486:v1:Inflammation
802,IRAK1,P51617,Inflammation,1,0.1,IRAK1:P51617:OID20485:v1:Inflammation
787,NFATC3,Q12968,Inflammation,1,0.1,NFATC3:Q12968:OID20470:v1:Inflammation
786,IL17A,Q16552,Inflammation,1,0.1,IL17A:Q16552:OID20469:v1:Inflammation
783,DGKZ,Q13574,Inflammation,1,0.1,DGKZ:Q13574:OID20466:v1:Inflammation
771,RGS8,P57771,Inflammation,1,0.1,RGS8:P57771:OID20454:v1:Inflammation
770,IL20,Q9NYY1,Inflammation,1,0.1,IL20:Q9NYY1:OID20453:v1:Inflammation
769,AOC1,P19801,Inflammation,1,0.1,AOC1:P19801:OID20452:v1:Inflammation
763,ARTN,Q5T4W7,Inflammation,1,0.1,ARTN:Q5T4W7:OID20446:v1:Inflammation
758,CEP164,Q9UPV0,Inflammation,1,0.1,CEP164:Q9UPV0:OID20441:v1:Inflammation
832,VASH1,Q7L8A9,Inflammation,1,0.1,VASH1:Q7L8A9:OID20516:v1:Inflammation
1176,DENR,O43583,InflammationII,1,0.1,DENR:O43583:OID30493:v1:InflammationII
1172,MRPS16,Q9Y3D3,InflammationII,1,0.1,MRPS16:Q9Y3D3:OID30489:v1:InflammationII
1165,CA8,P35219,InflammationII,1,0.1,CA8:P35219:OID30482:v1:InflammationII
1157,BAG4,O95429,InflammationII,1,0.1,BAG4:O95429:OID30474:v1:InflammationII
1147,KLRF1,Q9NZS2,InflammationII,1,0.1,KLRF1:Q9NZS2:OID30464:v1:InflammationII
1141,CEBPA,P49715,InflammationII,1,0.1,CEBPA:P49715:OID30458:v1:InflammationII
1140,PRR5,P85299,InflammationII,1,0.1,PRR5:P85299:OID30457:v1:InflammationII
1136,RPA2,P15927,InflammationII,1,0.1,RPA2:P15927:OID30453:v1:InflammationII
1134,NME1,P15531,InflammationII,1,0.1,NME1:P15531:OID30451:v1:InflammationII
1128,FOXJ3,Q9UPW0,InflammationII,1,0.1,FOXJ3:Q9UPW0:OID30445:v1:InflammationII
1125,ST8SIA1,Q92185,InflammationII,1,0.1,ST8SIA1:Q92185:OID30442:v1:InflammationII
1115,DDX4,Q9NQI0,InflammationII,1,0.1,DDX4:Q9NQI0:OID30431:v1:InflammationII
1114,FOLH1,Q04609,InflammationII,1,0.1,FOLH1:Q04609:OID30430:v1:InflammationII
1025,MGLL,Q99685,Inflammation,1,0.1,MGLL:Q99685:OID20711:v1:Inflammation
1095,LGALS9,O00182,Inflammation,1,0.1,LGALS9:O00182:OID20781:v1:Inflammation
1080,PRELP,P51888,Inflammation,1,0.1,PRELP:P51888:OID20766:v1:Inflammation
1076,CXCL1,P09341,Inflammation,1,0.1,CXCL1:P09341:OID20762:v1:Inflammation
1071,IL1R2,P27930,Inflammation,1,0.1,IL1R2:P27930:OID20757:v1:Inflammation
1069,ADGRE2,Q9UHX3,Inflammation,1,0.1,ADGRE2:Q9UHX3:OID20755:v1:Inflammation
1065,CRELD2,Q6UXH1,Inflammation,1,0.1,CRELD2:Q6UXH1:OID20751:v1:Inflammation
1063,LHPP,Q9H008,Inflammation,1,0.1,LHPP:Q9H008:OID20749:v1:Inflammation
1059,CCL17,Q92583,Inflammation,1,0.1,CCL17:Q92583:OID20745:v1:Inflammation
1052,COLEC12,Q5KU26,Inflammation,1,0.1,COLEC12:Q5KU26:OID20738:v1:Inflammation
1048,ROBO1,Q9Y6N7,Inflammation,1,0.1,ROBO1:Q9Y6N7:OID20734:v1:Inflammation
1041,GAL,P22466,Inflammation,1,0.1,GAL:P22466:OID20727:v1:Inflammation
1036,FIS1,Q9Y3D6,Inflammation,1,0.1,FIS1:Q9Y3D6:OID20722:v1:Inflammation
1032,HSPA1A,P0DMV8,Inflammation,1,0.1,HSPA1A:P0DMV8:OID20718:v1:Inflammation
1113,GLI2,P10070,InflammationII,1,0.1,GLI2:P10070:OID30429:v1:InflammationII
